timestamp_utc,puuid,tier,lp
2026-06-22T13:34:35,uAdRx1GxDKomgkn5-2RcQJlCOSgHr7Pc1lQKz3s4QlWImVEWQWbGINKvzX1VCtWiyLIB-90y3p6hMQ,challenger,2286
2026-06-22T13:34:35,Xa0HAoGZiu1nPmo9H4N5Yuy5Hb1ZMdXaLMRw-iI2AXtShN-9q45VaY9Z_4zP6uSIf3Hbmn3tTEhAoA,challenger,2167
2026-06-22T13:34:35,X7gsuXX6FPqRuV4HalAqTArClD6zQ0YOO5YwG2MyiB9JKZ0n7JXM_rUmPwc0tW2DqiqX6fniTrKdfg,challenger,2118
2026-06-22T13:34:35,UK74qDnzbihKCPxzyIDNewDznwCwB2C4s4wz626tVnORbgkN1CVZie6srO9BG4MWIaAfGDE5Y1TK_A,challenger,2104
2026-06-22T13:34:35,MgXlOKv0q1e4ruE0IGQD-DbaCduS1G_VPwkumLgCXnnhl-FQ70pfWkxSJz7WBmgR4gE_T2Zm3QeC4A,challenger,2054
2026-06-22T13:34:35,SUfGjQgSazEnLrtQYzYiU7KB2JRqMK7mLM6SRgm5jn7MteJ4Z9wppydhf70vrAz43Mu2vRBJwaA26g,challenger,2021
2026-06-22T13:34:35,yB0Dg-TjDuWMmb9ZboaE2mdNJrIOdLXtTSBXXUqHUTseLtBqIAmUBP59TSZPaCZctzTmEcekGHjh8w,challenger,1992
2026-06-22T13:34:35,F9XFAbfX8qGPLwD_KVIytQa-7fhzC2scotIy_A3K88RF5WpjsoH6ZpY01wXUVuiw0_nxhmmkhlTYYg,challenger,1986
2026-06-22T13:34:35,mJsv4ERtGPna2t9MOG3qHqKc2pZveaYLOaHPGkPQ8tmhekwy6dd7aR1qiGTLSOLCkTPtEuORD-H-WQ,challenger,1981
2026-06-22T13:34:35,zdblZQJCGx0Epe8iGIdhDiffzPc6vpKKS5T2uRUckCZZunEPQOxAPJgnF2drTB0Qq7sDJcXrqpoe7g,challenger,1977
2026-06-22T13:34:35,hZAaOZHW8hzCryjXMvb3Pd103gNrTFlTI3o6NPuuxOz5DPfIpbg7AKxXc07bj-jOwWksrTa-l_enFA,challenger,1966
2026-06-22T13:34:35,vodIOkElLV0AfScCQhe9AIu5fi6ygduj0ckrRuOXUpo4kFRhRbY86vC7fmyK6WYbNeQprL35IvPyHQ,challenger,1922
2026-06-22T13:34:35,p242GokLyG1V3MHah33tCzbQMO3znnkUnIXKqmC7Opnii4A2MuHga2kupAhPeV73mron33oPwfas7A,challenger,1912
2026-06-22T13:34:35,GDIVWGpbzSpxxJ5mHRPVFm60DyG0ND7TrerqAxUSyrUz6sExnPvu0ZZUi5Z-xRBzuMjBjd0Rdrq5LQ,challenger,1873
2026-06-22T13:34:35,63Q8t_AVfYQrcfNOSLfgAjj8Mz_BSfofUZMgkWz5A422Ok15p2Wf50EI-jP1ZYFpXEFgRsGzxKNKGQ,challenger,1849
2026-06-22T13:34:35,0vXllZcDfLotuJkaE3KyzJLkmrjfTIx-QgBEeG2299HqyvzLPYRT8NQSmOZ47R3EMlwndVJZs15h-Q,challenger,1769
2026-06-22T13:34:35,ju-WE_zxdvvv4yMYWueliCkNixW91wywblQDMsTmpwv_mL09RBaOXdkIOQKTCMWMVFAjuhF6iiC0yA,challenger,1764
2026-06-22T13:34:35,2mCAxNyww1S2W0-hbi738WM_27xgg9M2ahMFRB8PtH0NL5ZF4xFIw_qI5UZLur_4E87FVk73yBqA1g,challenger,1728
2026-06-22T13:34:35,303-ouMewqbkieM9YaDA2RqlsHOkohkY6GDL0-PeoIWvZBZ3j6kCkE64EjIGfiXeFVpRyiCKaf0nFw,challenger,1686
2026-06-22T13:34:35,N3I_up40ClygVgXhWh-G9Lm1j8Wh8KY1EKjJbMlH61UrZDenHMDhITvSQY0NB2Sw3rfpcxraFLr-fg,challenger,1686
2026-06-22T13:34:35,RagenlixWvghMAqRtz19aMhUozEN0kIg7IJ62mMkG6VfYz5P6qtFTdMkVQAJ6nueTOXRHGdN5wbPQQ,challenger,1646
2026-06-22T13:34:35,EVPQIPJaxIcodIVFwAXTYDdpGbMuZiCI8OyeLaMu7amoyGC7vuD6qy7n6HN7cv8I0BFC9rSwEg3X-A,challenger,1644
2026-06-22T13:34:35,YOYeKGXjGulONHrZPTycK81GHZBW2sS-myL8oyAD1-RI0SRzQ6e8CvbCCdpmydVRxwcmWRwNspIjpQ,challenger,1626
2026-06-22T13:34:35,3xP6ceAdwnaiKI-OsiiVQ_Kllq3MV0jwR1FXgEd7f45S-5HwV7AmcPHIw6QStGiqweGQfCzthE73sQ,challenger,1623
2026-06-22T13:34:35,Cri5jbe8lLl1Y_9kp2oX_GrU8bEox9bhLNpub7v3ObAsef2f22G00TXuKZEuorswbT9zofZmfLInSA,challenger,1622
2026-06-22T13:34:35,y8BthI6LdPtYTAcvG2cp8__uuVS9CC42ydQwXAoIY7PVR5he288IV6H94MqSq8TyOZ8zZpg-mB4zIg,challenger,1619
2026-06-22T13:34:35,QdN9trmGZlu8GRTgFEpo2FdT0scDqi6aCiyZSAKUpMNp0yO1-Fb_xoUIDICo2SDn6DuQrQ86-pZIfg,challenger,1605
2026-06-22T13:34:35,E90YQVJbFs8WA7uyWDgWqlWU2c5bVrD77SumPu-LslmmSOLclgld-X4D2JPf2pW6kMb_u_-4ZjcU5w,challenger,1591
2026-06-22T13:34:35,Q4BVck40Ckh4g0EkGfHmBQ9tXGJq2XTdAOc5Zkx4fzhoGw4mPKSQr8VKaUGU65NguWHlHrHNJo72zQ,challenger,1583
2026-06-22T13:34:35,BecZ7VuP8NTAabjzbtF7VALfTo4cf6bQHo8TRbuDwyDMw3GOXIx1QamPi-3jdvFqOh2eBLYCmVcGww,challenger,1567
2026-06-22T13:34:35,hDvRlUaY5tqd3HQtSyGoA751zThgvDGk2RyYdu4Sd6NPQx4fGRayhp26bdjoqOWesTnMNzADc-KEmw,challenger,1563
2026-06-22T13:34:35,AIblIWbyEh1A8zBlmtIYkMmrBt3IloJklJVwQPHjx5XZu4C1osC85BETfDl0VT8ia5FxLjrlq4gznQ,challenger,1528
2026-06-22T13:34:35,aZXNM21IHWTh6thQx7b34wtwD307POJPTbnnARRo0IrVaoQzFcp8bqTjTZJutNv3tW-hPcoWqlWIdA,challenger,1527
2026-06-22T13:34:35,S5-5NLOeduz7IwwwdtC9CluWFQIYpicvWlI-IH4FDK-hMCB2hdACfwMFdlvda3SxpBIGu4PS02dlyQ,challenger,1520
2026-06-22T13:34:35,taZJsR1_y9ulyu2noi-GFshDxj7WyNVL205OostDLn6efFXbUwyVlxVVOhhE1yHjA8vOLpMBsQe8ig,challenger,1517
2026-06-22T13:34:35,U0jGqLBvr-KeJS0nQWxIUV2URvcgo7dgC8BEPe3JvT-VAwxh0oIlQ29WwCnkUtSNRQLyyvxY-g4IFQ,challenger,1513
2026-06-22T13:34:35,S-DtwWLRt_RqZHx4GOCwUx3GTy-8AKYliU7tJoMhAZbtfPTkDb_Be8sUXx8nfOU1rK0g879GVgGJLw,challenger,1499
2026-06-22T13:34:35,ylmzjD61q4t3BUc0ntIXYG8l1ULX7cl0_2JgEAbX590AV1kdZUGzcYARYYv4GrX69j1d24ykSTpC-Q,challenger,1495
2026-06-22T13:34:35,Lr1pMUYoKne5GXqsPqA056RoaquCnDPd26yGOma9benSfjvooK-myXZPPX0Q0b9HGePeUGDRzP0JTQ,challenger,1493
2026-06-22T13:34:35,6dfidRG5eNyK01J-IRmlG1GepkFPurBm782zyt__lePWtUE3gNTW85aB2fYW83FspxvITY1dlUqCJQ,challenger,1490
2026-06-22T13:34:35,wEOhpUwAUN-67JiX6rg95ckbQ3UoAPuBS1BOdh92SlP2aX-njDnSEx4-9KZrAOKg6-hzPa4c06lJZQ,challenger,1488
2026-06-22T13:34:35,k--RKZXvgGdjpYKm6J_Y_5JuoEvr_mrxG8_v7FxP-5gBAPKzTMkrspGOJNg2sMRehDJ277XvL2Tsmg,challenger,1485
2026-06-22T13:34:35,Fy51KdozdiPcHC21COfPCmklJePIcoHPd8N6FeIhdyNDbKDKxIOprU7OfoeZRPb8UO8bJwrcrY3wXQ,challenger,1470
2026-06-22T13:34:35,vdotaKiWqm3wxPJu-vWgJ5mZCaM4SVCwMijUoN8e1Zl5aHS-kfuyprB-P27UdfwBgBtVoI8qBPW-Zg,challenger,1463
2026-06-22T13:34:35,u4QXE_q67iUg4kLEOYmxyA2OZxF4e9mn40souUo5YKPQNwRQ5aU1Yhm_uvvTCOje7jw_JKegcvoMwA,challenger,1449
2026-06-22T13:34:35,353pUfgoQfK1cv6Q2HfBLoAYev0GybVV0Tf5fCA40P41oHZCzEae3QZcs2oyI2VpTGSrQCgW38r8mA,challenger,1448
2026-06-22T13:34:35,khkSUxRjR2sejfUu0cJqaQgDmfwrNgifz7MzBvTbAnctSAR2yYHPyatfd6sUsNT3AfVrg5A65-xSUg,challenger,1441
2026-06-22T13:34:35,TiRIcPqW-0KyV9LhTJg2dEipRt-e3f4mju_R9JucsITnXJik0xKfqhqkJ78J-Zoyekc0rb8GjtEWVA,challenger,1440
2026-06-22T13:34:35,gS53wlIZg3IpIAqsUIOfXfFDHFszu2U3LxM3nOrsu1aXv3VZDm7Z9aBp5o1IPuEpWolgQOW33osG4g,challenger,1410
2026-06-22T13:34:35,4kGvByOck0jGspbTHBUSOULD0MXh5MmHYEnp8A9JF8l_jFsNFpeM_JZXzDH2NOW_cOZMRhGel5-BMg,challenger,1397
2026-06-22T13:34:35,wKxCHTgTOPtPO57yMpPkBxvmPhpZ4FAvLfLhtb21DgzMkahRTBv6nqYCxaq27GzWcGN5y3BcPF1iqQ,challenger,1388
2026-06-22T13:34:35,dBUzQOaNhynmeDx2Mz8VFnXxssJZc8i8wWrZ7XXrZ9Pp8sO9AbAzQHE4td1Bc7bAjO6cWXR2GwZ0dw,challenger,1384
2026-06-22T13:34:35,5dxl7H0IwUmbKl6PDdQ7e2LrZHfHLgUTjCUgvLeqOFrxaLWC9S-WWAUNBPS_HpFBeoDOp9r9x3wZjg,challenger,1384
2026-06-22T13:34:35,l3vmeRkEHcyyfnZUDYoRJRMTJ6CK5KNr2PQeJmFzBRBmbb2WKylIxG_xcTV3OYAX2OpSWiJmpbZKFQ,challenger,1373
2026-06-22T13:34:35,35conYKa5yEU31nI_0ZFUuxow411zYp4-MIc8Dultu0aSfMCj2XsDpDh27Bbtpib39QCuvlVgTMQwg,challenger,1363
2026-06-22T13:34:35,fHzSj9t6BNZm1jddLBiFYsupNNKXedtWmJLxBn3gsGb_OhJk6oZbqtHdnwCxR9TfB3Fdk424gE4wcw,challenger,1358
2026-06-22T13:34:35,Rx2Z8vhIFcLYmiuozYC0z9gnPQDbD3MJWtZraQ2MxF2K9loihHloMryc3EqSmX8LOE0aSSLK8HhWZA,challenger,1350
2026-06-22T13:34:35,Dc18jqVeU34nrSWrHLqI13cDZNYULmp-VJ8p6L_f2MagMVOIDTq7ObePCem-dIeppOJ3rfbx434mgg,challenger,1340
2026-06-22T13:34:35,tste6g5cn5s5mEVlbmhfMOMme5tCvH_h0xgtJ4fln5j-6X03Q0t7_O3oBkcIMk-vcmP4d8M9lKAn9w,challenger,1338
2026-06-22T13:34:35,moO0FNjqgQLwHpq50If4kuxhpquqAK-5I7LHCqVKx4DTMT_5XOnASFoCHv1MoebPFD-DjpmbE60UOw,challenger,1314
2026-06-22T13:34:35,KamLGeo9PbDRDjTBSCBYNoGsJXacd8bVEg960U5uTtjaXrHz-oHrC-TkM7dp-SJ-0OcoyuWODST5Vg,challenger,1310
2026-06-22T13:34:35,jL72mNbsed8YAEdxe3ay067X8NibZ7u0LZiUOczlxzUKQkXwSOWiGnbcTElNF0q17edXaUGwzZm8IQ,challenger,1303
2026-06-22T13:34:35,33zvfetH0sCPpw2C6zaKrFwjHqqeiM4qGSAlF4AkdNAm89rwcXOZ3guL4OGCo7IED5t5qv6Tlljecw,challenger,1301
2026-06-22T13:34:35,d9RixHFnKu_fTu_ysLBX3hOWsPLIxu0xnj9g9m4pij31z10juNTI4TJ-r7QU9E6lOLzky48I06u_ow,challenger,1295
2026-06-22T13:34:35,cPb19h2BoP9uidBC-zRRwMashsthRoRC0m3fEtExkUJECJ3KeRWLfDdXFGYjT9OWQirWez3TTnv-ow,challenger,1276
2026-06-22T13:34:35,6cYTxOf519_UvxU_Ga_pqw-ZEuAKEX2P_EXQh1Kfjhx3-qQhDU3LlPzQJy1DrLl288EtFc9P0sySPA,challenger,1275
2026-06-22T13:34:35,9qBewWd2gzKr6hkOosoNpuVI83DK239T9r9nNuBzKTyoWy0SJjwX_I4Q5R09Br7kb4w8gxBsBq2D_w,challenger,1267
2026-06-22T13:34:35,zD2Myi7idjxUP0na4oVLYJRERHx4GHmsdvUsaZo5v7EqmnaBrD6G16g6LNQdkPyjaNhGmi9uD6dvRA,challenger,1264
2026-06-22T13:34:35,nPiGG1HYTui4EHYVYUzjpfpBDvwG4p5I73wKof8YSsLdPukKBf82isHvlm_WTIanEjY8bvypduxhUQ,challenger,1264
2026-06-22T13:34:35,HhXOzYqB3eoJUHp5JTjM3eLHlBkoauWqRh320fjiHHvjjJRQ04fqp9WZjgtShf54l8JC7BvmCgGwrw,challenger,1254
2026-06-22T13:34:35,F-ll3KUR1bRaoyfmWGcabGxBNaLDBgUdIQ1HawRASAk8IEgm0vwWSOdqWPr-df6FjW9AoFrd46TfNA,challenger,1254
2026-06-22T13:34:35,W2UG8qbPd6kpJY7yuw5G-5eEpWiTf5srqM4V82_siJCl1IXFiV-vhkJJEKjx-4ecRGA7f_PSN2Ehlw,challenger,1246
2026-06-22T13:34:35,l9jVTG3dtu-y93ZjKSveNOISW-DsPOQlXdul8-F5fWS16CNalQnp9sOYv352bBEiftGQVCAJKyNVyQ,challenger,1245
2026-06-22T13:34:35,u48lT0QYo9yFEFEFe4HC4-7RksVBbwgvSoub3OYT5KUeB22BGYUePPYsf1e2CUNLqjkywlgZbcBI2A,challenger,1237
2026-06-22T13:34:35,8eLy0wLAE9mXJki0ShtjwJi3wgBPvUszwtNKjnZLyi_KGlPgF8dqouKsVWOSb41wNySCb431wM3QCQ,challenger,1234
2026-06-22T13:34:35,-mCwCz-lxIZ5EnNRqGj7WMXvKy4mKJkeJzZ1b0rNTVQpEa7bY4YADk5LOuIqqjjs4i5oE7yerOr1iQ,challenger,1231
2026-06-22T13:34:35,20Ena7xV90pL_y6wVpvqXXxnRAz1bmMSWsF2JHdLJrrhFDDudVKHRYtAqNXfC6VGVruMzGttnSf-Pw,challenger,1230
2026-06-22T13:34:35,RNeVaw3OqNvPjQbiqq68czx3N-yiRDeoREQSN3CE67k3OxA1RHgiP9YF0vs0nzawCR4GHaNIPBJZLA,challenger,1230
2026-06-22T13:34:35,h0UH4G9vwwZnWPyoczDB0uF1BRO2txibredlr_ZYanNIfPkN6EsiFO29Lgv4cD5dgm436mRbHmHFjQ,challenger,1220
2026-06-22T13:34:35,V72yrCIfzOZUTZx6O7c1OgiV3hJFyMtnqcBIYikbGfK7IqYaZTAoEicuqUJBG_PFXPxzkXXfPxVgVQ,challenger,1219
2026-06-22T13:34:35,c8NSBwBWH1oaqMS06Z2WZRDAktxxlWzTcAh_D-BPppXjrqw_LKjbsALq5FWzHyqJVaP555SVejAhJA,challenger,1216
2026-06-22T13:34:35,XCcTZfyi5Mc7dH_U-TctTgXbPMoe7_5Cs--yQXvs4ONDWjCVKe9Z-G1EYgVoDQa3eQcBjDWONng8_A,challenger,1209
2026-06-22T13:34:35,PeehmCTpl-fBZ3ScekrTuwKq_a5qrBljFTmNox7XQ4tixbRsUix8emQYT7AxpSaQdNr7pyZWbrVVGA,challenger,1207
2026-06-22T13:34:35,9X3uqTPQyjYqS7JM58Klwxc9gadtFop-Gmn0UfESBzO3rsrxN2Ws_zMQratexYdByAZtzIEHrAT2uA,challenger,1189
2026-06-22T13:34:35,iIyKK2cnwCoJQ8DKk6D1UchB3g69390F0kRw_0J2TuPgzz1FtuM13x7DSabh9vFjBO1TLTPzQw7M5A,challenger,1182
2026-06-22T13:34:35,wzZFqY9l8L_zIu9wcdbtOsFEU_xFmmnfTGaUVmsn4-lA66xKa2XtC28Sl9RJ_2WDYWRIhc-lwJ_khA,challenger,1178
2026-06-22T13:34:35,OQBGkStvc5F6u96rybXqiCz5FVRDKBUMtWQ-y08Ktz8VWgak-rNDEWh6X8ro7GlchbCn0fEwJnEIug,challenger,1175
2026-06-22T13:34:35,oZA0eVQ6q7eeSmphGRCvLK6bw3dW0Qs64xyVQy1z4w9Tm2bpOaJSEj6Xx1cEg0J0MO8vSW890Y4QIw,challenger,1167
2026-06-22T13:34:35,RQl_ZZfetG_KOa1DyNi-q3NLBOD8owJwg7s_r3YL2h1J4Su3lUH3VPl-Q2hwLZNF4N_jxA_SY0OXzA,challenger,1165
2026-06-22T13:34:35,4f5tDV6iHdbibYY_ZCmxDXL4QYdW2yLA0H-imz2Qz2PgiSxY9h0XfGrUytVnVEnTlSkHfjsKwrX0uw,challenger,1159
2026-06-22T13:34:35,7eNXZRvam53MwKO-020dImqcqva6LOj95zbXtxJMoYbJAnlSqj1cPqu4_B-78Xn1nWEvcostaeFaYg,challenger,1158
2026-06-22T13:34:35,sDGt6E_DPg4h4uTh3dGrkSOXpdF0EfumkZ7iMT8beT_6sGniXHRRovagQcJ-spEVuvm4WJh0iUdFEw,challenger,1156
2026-06-22T13:34:35,IpM9FVHofHb3Aw7iAPR8zx7-SnTzFg2iUUBNO5D7BCAv_fk_xl-oflykJzNN3FqEOmYRkxdgkG62RQ,challenger,1152
2026-06-22T13:34:35,ty7jbD0eG8nJ_FCtfVYOEFERO-yn0VXV9moBqxh-wkxduz-qMYa7SxEHrJUhk4fMiB71Rc3pkM-UCQ,challenger,1150
2026-06-22T13:34:35,KusUIwlqogHQe--98d378EFYCzw4CoMp4QBphRS0gqsE8fkdTKSekD8f1drUfnxIfJ2v41oFK7oCDw,challenger,1146
2026-06-22T13:34:35,5D24LbATx4z6g-cH0mLJ3sTRp08wlmry0vIrfY3d30eLReNKWr5-KJg_f_rPCGsYncO5R2xIUIY-Iw,challenger,1137
2026-06-22T13:34:35,_JD5AoLz4O1dSz4SFVjecwHhH2K3ikFZIYtqGbucoRcR7rBMZpXXA4CR-u_6ZzPGc8dkuW_dGSpgVQ,challenger,1130
2026-06-22T13:34:35,l66HEeOFMKaYsjGVuN6-uOX69JJ_pZ0CK4T4jms0ow-qE5kCA1PZr32jLjivZz1_YmjiSLrtAjP-Aw,challenger,1125
2026-06-22T13:34:35,zCfZexPZLiac3Y5gyEDjnVTL8DNlNILiHrOlPsmXscI4xArwyAQsoY1MM2U4sD2q-397FuhWTKSW_A,challenger,1121
2026-06-22T13:34:35,5XGCAQO9R5Iw4LxdS1gra9ZsHjS8ziMQHPdZBxSHdtzEmUl1dzHDzsHe608gZkXmo-xgpFzZY9FpBA,challenger,1113
2026-06-22T13:34:35,PJK-OS45z6ekkKFLKWkvCjCIszHsgk8k5eUPvy9slAq6FfqfYp2cnQVzcnSSlNba991w33H-53VO4g,challenger,1112
2026-06-22T13:34:35,hsiE7jHAB_yk0W2BrpPce9b3L7SaOcWWzn2fJg0bBCV7zG_Y4AS1SZxqnfpffLpANHXykQMjcWeRoQ,challenger,1108
2026-06-22T13:34:35,KWBmEcnAaURxCkhlx3_FbS-lKIxMgZ-sPXo_hGdS-KvDTKxv-a5EvawNGnISxyg_JweZB6cS0eJUEg,challenger,1108
2026-06-22T13:34:35,ih_Bftw2PdAxBxFSjYOjZiH_KTJSpJexd7IatakJWMOMbAgRQyUqtFTSBLOdvo6O7ZSOO7sPBkLP9g,challenger,1104
2026-06-22T13:34:35,-bhVBrdC4wY1XquVwHTB869hAynaTVteAMPUn9vI8y6l-UwaXxG-OpZ577dWt8DnRQo_H-0hwuEbzA,challenger,1103
2026-06-22T13:34:35,LNWYR8Pr6_WfWh_qnQg-UIiGYmnLjdL6aKOngE_cMz8Ux0dDRmrQGXME0I_RSjAlwNlPreUKQZ6yBw,challenger,1099
2026-06-22T13:34:35,tRWdSx0Uq5yY1yVMdKxvwVuvnvV5bCYgTTYJliLeVjPw6ka_JsNi2btOmY7OS4AJ7ghV4zSXQo1CVQ,challenger,1098
2026-06-22T13:34:35,vOwSHMaNMOmi3G8UbYwNECjbvalBDDDS0dBRmA03jqHKYw-00AYjV5uGoHZ1n_hqDZPa7N6n0U181w,challenger,1097
2026-06-22T13:34:35,HSnJUK8eefn5bDJewFFiooRJL04kShBG36GKrygXjwTheH5xdy5-CaXkyAiR2OAP2TRaFRQxOGJOfA,challenger,1097
2026-06-22T13:34:35,UDPUrh5eUOdWVRLWUOF0B0qgwVBfYSiKkOi7aasV4WonsDdby175TEpbnYfr04ICbqjk4JoNXS042A,challenger,1094
2026-06-22T13:34:35,1E-yUlHE2u8IdNKE5f8eHYsPbeb8FpWccxVZMdrkgEhhMzgcT7vqBOblWTr-Ax4KHHOB98ONDAXnXg,challenger,1094
2026-06-22T13:34:35,488x-Hf7Oyk1IzEHtK_o62hFxxzNnbIWcsYU-DDP0UlEYME9dq1D6aY05cqomsc_kaT7W8Bl9xnBbw,challenger,1092
2026-06-22T13:34:35,V3SD5rZO25pNhuW6DgEV2lPhCS4E77h75FMPn7xZvbp4wIO5o6owKUSpo50lMgf8u8OhZb5koXjAww,challenger,1086
2026-06-22T13:34:35,PXoYDIW-lurheBkDfarZHpIydaUPl3rwLlbxSaaI2g0spVEzBSLzR64stStn5WycGAseOKmAs-GzKA,challenger,1085
2026-06-22T13:34:35,D9Deo28ikMmkzgftFwZ93oXRywon5RVPPnCwd1uM7upwh_W3hH5GcD3yI2WZPAxdXpsxrKiwVeSCcA,challenger,1083
2026-06-22T13:34:35,nmcYsjVh_8FZheEloeSwK9SWhN0Hvt5Zb2oypvvnHJgKZU4aDbkuCdh8vbWRDCSFCeGNW33QeL7iow,challenger,1079
2026-06-22T13:34:35,icN09przLvdfMV2tMzVMSpgMfFMUyO6gnOQKLPMGL8mYWgxOm7adTugxk9VotviDG75lT_TOBkOXAg,challenger,1075
2026-06-22T13:34:35,7dZ0Ax4_KZZXQMV39c4bo90E2ULcnbSZOtrjwlG_O20L2q81x2tl6pF8HwmwnyCkvXktJLsWcRZs4g,challenger,1071
2026-06-22T13:34:35,Od8PJJpRv-iUBcoCEoV72uOiK0da5RkpbVaDXWZPn5-IM0-VUzQOqYslX4hKgvbfT5RO2LLKVX7SoA,challenger,1067
2026-06-22T13:34:35,YD38lDxEhjvEfnfyJe1tJ3OY8I46KJscby5hvbXemiOVK6bw8naeSM32eIjtYWAnXXvsctbcNNP-LQ,challenger,1064
2026-06-22T13:34:35,VpOZElV_MD14ArLvIIBE0vJT6SbgBx_7pttro1jWvOZ9Fz9k5qif0UmzHj076HHsEhnpwWN0uW9EhQ,challenger,1060
2026-06-22T13:34:35,ok7uFWj8Wb9ZWI289Eid_4Ycq7Y9MOqmlMTvSregsObCUvTEQ8r1ze7SK9Du-cy-QXykCN9hihhhaw,challenger,1059
2026-06-22T13:34:35,IFizSpf_tVXRiy7HV5uNsFj3erhki6fhRlTv9rm0NaAPaXy51wF4Geg37GwqX55RtYdRkNdajxkQew,challenger,1057
2026-06-22T13:34:35,gD-CtH_EnGsOMGC0vfJLgInIFjiZyfSPmiG7YVvHJU3hzvndJ484mkeu-afNQyPNleaZlIPx3kDSeg,challenger,1054
2026-06-22T13:34:35,75Z3l7cKbXCjcoRKhqdGRab6zi_a4tK4mXIMUJhhRyaxc24RJhSxAsjilLwsmXSpMohXpMxqWGqKwA,challenger,1053
2026-06-22T13:34:35,phsnG3oesnYaW-WbvrIerHbc3Q2uduRteoM6n3DE2ZGNk4TAs8mTUshA1cGIJuVQxtS1FioyTW4XuQ,challenger,1050
2026-06-22T13:34:35,z81R1MQS1spOGwTO9Htkjb0MKO0iytFNiRcCFF0hdsSCclp-SjRXJ0zFPMj4LCYYhtbMew-7hWzkCA,challenger,1048
2026-06-22T13:34:35,tFOip90smaxLm-7ufQ2GBmdasqRIaGfrxc3xjyQHZdr0lVDCqYKTjY10qA3Sy7IFt3fognrzN9XClw,challenger,1044
2026-06-22T13:34:35,EzCg2BtRJ4huY72Gv9qb2l1uzd3rgKkuIJNsUlYux9VTGkftgI7A3wFiewW3JVFDc2O1Hry18uymPQ,challenger,1043
2026-06-22T13:34:35,8TpovW3rtSbvRrP7mDmNrwwSoDd7kL5YUcri5aoaQ20iH8AxNOVanns-VxES_f6Gjb7ArbyqMUeuVw,challenger,1042
2026-06-22T13:34:35,zoUrlT28mellR9e0UXYihGGTfIzfF66GFeXJDbX38uEOeKow_-oPeR6Qtyy6CM4XONQrihLkHz5VhA,challenger,1040
2026-06-22T13:34:35,Gg8jbDW9wJIc0Bca05uRRDXJxN5eJ4d_8lXW3EQdMYTfGP2ePq2TKT-DLpcliflx3iT7vrPHrAu4_A,challenger,1039
2026-06-22T13:34:35,BXBfhQKjcPXvFAf6asHuS25s0QAOrnSZOz9n-Hs9hXIOEaf-IAh8yxeeHcxqQPEuugtSer3VLjJkIQ,challenger,1037
2026-06-22T13:34:35,YfPW30ZU6F_WiCpgFr_ICiRXrd6gd2_dHzGpwlmVfDpBpC4Ya7Pl6vbY6SftrmbCzPgcHG-IN8FdhA,challenger,1037
2026-06-22T13:34:35,5DqvDk3lagK-DRj3CqztD-JIN_964-a2i7zqBt0S08xzhannwO6Me0T42WBi7cb1i-4dik6b3HVkOw,challenger,1036
2026-06-22T13:34:35,bffm8mPoXa1YZgu3tZ_98kYMyoCCqV4p-cn29h0I-NbZlVLTTnO4gEitvaPgCZUdG5UfeyNSt1utng,challenger,1035
2026-06-22T13:34:35,h5TwRc-FbMuC_RTHAstZB7zshdTxTVPCnrYrsCdaQnYaTlxJ2FvJ6K_mfqv_KVj5eVEvpxWQoYV5_w,challenger,1032
2026-06-22T13:34:35,7jDsn8NV3kIeqyaPsaK5Rsh9c9YK_m-Abv8lsw7nTYgkK7ZvSfi0t30Wd6gZvmLOdGvStvQR0aj-fw,challenger,1029
2026-06-22T13:34:35,gwwbIlfUldj9NYgP1G7AvvXBs2g63ITm3uWT60vkuH-wrtW1dYYQUwb2WO-bR8FvprSEviD8WBhrrA,challenger,1026
2026-06-22T13:34:35,FSguawLx9iewXJtGTyiuyEngPLly9DcMMFJZqVwsMfBAV6zgV34y8bY9DheSgW_H-3yBGmmVa8DiTg,challenger,1015
2026-06-22T13:34:35,3bS4-AFqIiP5sTLLdpOTKqXhg6nczQqC4G_cSJVg-3MYUy2YEpXr8eP7mngjvaU3DQGqm4iUIubbKQ,challenger,1014
2026-06-22T13:34:35,EOcDnC9o1aTaIbHTwaxCc_NteLFmkq_es1Z1WRlDL9bW4ci_BkBpVbUX42-LKmSA1p4S_3WD_WfuEQ,challenger,1011
2026-06-22T13:34:35,U84lowlrNjNbEzima7nA21nGD5RZkAiukQ85oMJFi2CIIDthY9gdSevAkwctT54ylaB5_Pd0IKEGwQ,challenger,1010
2026-06-22T13:34:35,y7k6KpHY0_BUS0fIKJxtl1FBUVAnB5XwoXoBx8633hK00_GHjtBtMv0Dz2LMmCygvqSlhDewpEhF9g,challenger,1005
2026-06-22T13:34:35,pc_AtBv0Xll1Ntkxrh0mMyWES0LZmBGjzDlOGxTsc6wQhSvBlI4f_G0F63Hn8wOMlSvBMsRcM63ksg,challenger,1005
2026-06-22T13:34:35,loodfX6z2OG4VfhlxREs4DurcwPAqID3FS66lRdGXbQ1Hir-XV3BqMhgAhK2pO5VE15dCXO2IYXA7Q,challenger,1003
2026-06-22T13:34:35,f2hKWqLUneb8yzOpJsAkXZ9xoeMasYN_-Nx357-NwuqFOieJWY0OmgmwUYzuXgp_xj_aEQjUJwgM6w,challenger,1003
2026-06-22T13:34:35,dQJKPA890FZM2iSfhFgANkwOx71ZQbQPDkmwVgnEbmaSvHyfHTFhKaEP0GKEE6dJjo3qJXYUKhtB9Q,challenger,1003
2026-06-22T13:34:35,dPlnqf_5PZpA-caIGwrdN36Sr3U2TrETHvyjOOTwBQsZRllUWdKxLI_6SGe5k3zAs5S1fzQq922c5Q,challenger,1001
2026-06-22T13:34:35,UCNs4qqICTfRX_X7aAX9MLk1GX4V4wwblAY5E2BuwEOEav_aApOtE9NdNS6bOrhUBBhdFZvmKtS6bg,challenger,993
2026-06-22T13:34:35,RB9lIP2IH6oT-zAlqnGMdS-xEis2CbMqDOSCDFKEhCKYh61JRLcvU72NfjvTWD_klPZC2zMYGhx4Hw,challenger,992
2026-06-22T13:34:35,Hyt-GCaHOddptZu0rDGnfcBwlPV1_JvF_rIrN22ff2XKrceNNITNXmAhK5EYlB0n48BcMm6oSmmraA,challenger,984
2026-06-22T13:34:35,MbnmqlrfeXtT2P38zjv-IOK7lsOIgB3M5nPma619GSNs8zQpMA8mKJg70DzLT6qIQjI4h3k3_iZZPQ,challenger,979
2026-06-22T13:34:35,J2f00IeT0dAtqH_B0j0oAqSZKmKmyc-FpLPzWm86sj7n5blCVAOB0udknMuyu0ieUk5bWrLcyYfjrw,challenger,978
2026-06-22T13:34:35,6LWH2UWIVVQHGRUAaG1Aai1flNRbAjuPICVwy6xq144dwMORbznKlMcEPrIxXwcqYg71MqgQfGHf5Q,challenger,978
2026-06-22T13:34:35,YxDqPw8r9nihpuVb1gbQ_LpbdWxQTcRnh0INoQfDANjpfouvi3eZe-w1qzKxNu5nXd2zKwU_w6kB8g,challenger,975
2026-06-22T13:34:35,C__MsNIWJECM-SxGHCvUaaonXH3E4Gr1nOOpqZnTs_qqqWjmbxJrLTEur9r5Iow5K7UZa5dD6wAvew,challenger,974
2026-06-22T13:34:35,MPUXw0ltFQqePZGIwSieVH3mBjPrYBSlMTJV_ceKrCI5xtor7c_9qjWGXXOTTpKFZz62d_Kqn_5gBg,challenger,971
2026-06-22T13:34:35,dHoIycsYOsiOohOKKcGRtkyjy25fPa8g0ZskEQQH630hX1PfobEW8xdt9Pnigpr8u0NU-rC90qJy1A,challenger,969
2026-06-22T13:34:35,F-AmzJRWyFOpnhuGgKT6c0gIvjeEFtEOomiuBb9bAJ9T8wDjaRAZkDp9pjEHHsJmuxYMg1EoeB012Q,challenger,967
2026-06-22T13:34:35,m--7W5U96sLK16Q6Xkj_hBARO1QyzDh0DUo60_zMMSToom-P2p9NsthIASxvloeFHr4LSNMduS5qUQ,challenger,967
2026-06-22T13:34:35,upPx4-xVo0vNALGJLhJCeQkkHYBVNO6STl-1cTRnCQmGLmTqCVAt07w5rwkz9g9JfK0vwQb6opVKcQ,challenger,966
2026-06-22T13:34:35,b0A8y7-q0UkWYlvaFrSbsUVGbGJdpEc1zmGCU_2bFkcRWEe9dkaAbTpMd_ErTsdu01wA1JOAQDtZnQ,challenger,964
2026-06-22T13:34:35,J7KX0-3tPcIWr4q6-6xidu-mlIGAvmjxT_dlTGsrndzgnv4Qkqw4cly6XB2e8WT_fGzAbajMOIo9-A,challenger,963
2026-06-22T13:34:35,D395ZSOkDSEJf--5aRu5EkgsatFP9W71t0sj8zk5Yk40SMdrUJtRm9Y1TeSv0O_Xw9G__QadUtCL2Q,challenger,962
2026-06-22T13:34:35,tYmjQd08b9gZRbTS_MdbYeIsZmrbJvF6znQ2C8ulmVoSr_NRtOagbkXQ8vDmp3gRmkTKhhGy47VHiA,challenger,962
2026-06-22T13:34:35,kT-L7VZFdDKOZJPOTJKt9FyYQzwwMXQc80DI3ydLYz0WbiHANaBpF5UVmtgdANBZGqu2KR6ASVe6IA,challenger,960
2026-06-22T13:34:35,JHFApTiorEVooGklqQ0PQ1x_ENzZN_ArfDbNKbGwG4A3AvoBQlgdqebDIHOGg4H9rQw7GIs67ey0TA,challenger,960
2026-06-22T13:34:35,KiYtya9TPrA-6oAc2s9ZwXvdQufDVKdelWdXvfnWSMDOHQJUgK8dmnpJQ8NXjgAZSnkMGFlbFp5Zrg,challenger,959
2026-06-22T13:34:35,HZfXfqAfUlJA-vZuP-Pq3rWICiC9F5MqT0RlQTwujqukkZCrr5svot19HRqZR0-MLtZscRMTNUbN0g,challenger,958
2026-06-22T13:34:35,DpSIAPWyhA_JoU0rc1f6HSiajSEVAs6ah8uw0beOeZpnYwjn6KuKQctma1iT7V3db-w2hePOE0zcLg,challenger,957
2026-06-22T13:34:35,Df6obR1NqbSw4uQvXkg6xNVTzjJWlvvqzIVl8bkvM4BNoFGL2Z9DQit9PsDLgejLixw2NvzOOTJteA,challenger,956
2026-06-22T13:34:35,ktOJknfepnRkxyGY2Tx31piu6QehLUvXoiAYe57P3v3D78CZotfzpYi-lyvWaqxF_aCLww9E9uVbpQ,challenger,949
2026-06-22T13:34:35,8ZHACBBpLSY71DNPyaS9M9NNoG6Rv9lA0-0ivpwgpqmWnV4hYhRVWRM_HnibBMHSlOsJBGr4JEX0lQ,challenger,944
2026-06-22T13:34:35,KLGbOikMbn-qVAblVXqwuDQxUsh5tC3ITVVEZ_LZnQR5_xD8hFIrl-X1XSoBtGa2a-qXri8fuGaH1w,challenger,943
2026-06-22T13:34:35,BhMkmhxDo1O6xJr7Jr1aZuqEKKNPTpeFfcvcsGUs6N4HeLIBDX2m3xpmN9vy5ym8lv9IMQFpd_EqiQ,challenger,942
2026-06-22T13:34:35,7PBc2D3kdJibSa_VBOCh6aSTrXogMH1VKtEq_ElK0Uu9v3EgNucCzSTB-fsTFZ4VDZaXJycJG4y3qA,challenger,938
2026-06-22T13:34:35,eHlobI0Df2JNABFZPLrfF9QAihiApaoq2IwgDrFtSjJe_Eq38rHCTc8uqFd040kuMsji0HJhgUcM7A,challenger,935
2026-06-22T13:34:35,qPc5jvers1JfUf8YqweuUcWynhU4mPWJnKLJNLgMBfyJefiwWEfZ7PNWfc_lMFBmHgbLVqT_ujQLvw,challenger,935
2026-06-22T13:34:35,1Sg2Hw89uYqS_2pIJhrTF2Q7sEwteuxI0893Se__ogtQgbP9BHVnGjsnGA4mmeuCXwB8E5cbPsS_OQ,challenger,934
2026-06-22T13:34:35,8wxIdhIQNZ1ukQ5CSrMrANcJIezI9aqbGtR0407eyIN92bNgizejXgASJLV8jhAFqhiliKdlI_zleA,challenger,933
2026-06-22T13:34:35,sAy67_vokQ62O8PH1W3iPmV5t1Sg5UjQieiLuJkxgqMPFHRVH7kYoQXqiJZvBPJFmU5mydldbIrlKA,challenger,933
2026-06-22T13:34:35,Cybm6AybRRFSm6F1bR2KqqYbhDWhgO4xHByUtS51BC8Rb5reCyU80Ug7jRTSDaqq95I5NPelTozJiA,challenger,933
2026-06-22T13:34:35,XeTYLqEYQKLS9JKTw0h82q4dkPJlKSOpmV6ypDZhOlrRvwRwEhV6OJjP66pl_vOIj1nGfCcUF4GRSg,challenger,932
2026-06-22T13:34:35,Ar3V0ZpPcwbHDq6a4EjDT29KEEgGLnlHBXiJOhmhNrDVxI3wKTU0y3Jb2VOgp06TbJFRUeMhtzDP2g,challenger,932
2026-06-22T13:34:35,-3ETqgI9Y0CMisFy6cJu5TqSK6URqGfo4oLOv4yM1rfGgQj-Vg_fGk_qp9W11Zu2RKCJvxSFoj_7fw,challenger,932
2026-06-22T13:34:35,JqyQ5OdVokgkpVXNmSu-6-HGVKuQL5sBvvXSWaWZeFAu-Z7qiJGjSHaT5WFjECw62E6q4lMZZwEjzA,challenger,931
2026-06-22T13:34:35,IUw8HciQGBg320Q_rlPor3eRYA89CKMIyBKur2eVhVpSqD9g5Lkuve_TGWBIMKsl7XnRRm8To6-MOA,challenger,931
2026-06-22T13:34:35,7y8uvK39Kfp_B1OthmD4v0_7a9X6sRfs4boRUJbk318W_oo_nEKYyf4lqDIiayglgU8sUSEx2x87Qw,challenger,930
2026-06-22T13:34:35,fM2rdar22IeVqLn-P2zWb-vy-ZYoTYhc1UGPvfEUL3lg2q39LLf-cdlOb-MDIRniSIZ7OmHfXY5EXg,challenger,929
2026-06-22T13:34:35,Grl3DM2aemCr3DMAWtqwwUS6Z_gWl6psavWobtrD1LheFqA0z18kgwHJPCQzeGVJtV5yHWDQzTjhSg,challenger,923
2026-06-22T13:34:35,6AaslvscGlYG4EiqyiMpWrdYMK6IiMCg-zJwBHHvGO2qM0DbyZDcRdE94xNg-pddfnpn6CeSqstk1g,challenger,919
2026-06-22T13:34:35,sSbKlShJ5F4Uhel1WFy_8jIyVhYI_m4_k1-CttBkWSuGmzUCmH6GckccVKdOGhqmseCGSNeeRZjTTg,challenger,917
2026-06-22T13:34:35,Sk1U0jUoI_TjCHolaM83wdSepm_yZbRgl9zmfD3oep2vB7ZT1pYZKaZ9aD1P3HK-7wQsAfkcvwMRkA,challenger,917
2026-06-22T13:34:35,mBxJ3qIhhWWbCoQCeZtbgs6ZiBdm3vuWZsda6FAspz034ePjtX7-q8L2ukyDyeFitfXOdV5K2C-cQQ,challenger,916
2026-06-22T13:34:35,A-seOFK0-6NX7-6wToH2-0roS59eNjNBPlze_0-CHkvNCCJUSW5_zpC-yTJYFYtDghy5-SpYwvMuyQ,challenger,915
2026-06-22T13:34:35,lbRV4xA2Ia13OA10rxFn5sfvHzRoq6zdUP2pc7OvbhrQXjVEWxAPnntXB3oOiQvFZ4UfLxuW0EtHmw,challenger,914
2026-06-22T13:34:35,TyCYMWJVzACJKLAjKD95Jwt7XeJX7iq1kQdKem8YBvLUHou22mCYr6uyNYHr2VJ2xMcmbakfR99IOw,challenger,914
2026-06-22T13:34:35,_IFe8fot02psguh-zTf6HKgGuWgwfGdCXaCHPj-gYf2QnmoZRyHzeoZh-BmtNBfP3V7E5CpnbBKORg,challenger,912
2026-06-22T13:34:35,QXwhD5AE6gzat3iNby6lvt_o88t600E4Fr-IbZ4olJZ7Hzdkw30iFYu8_TCnNdBS-GwyiuWOb48dqA,challenger,898
2026-06-22T13:34:35,xg8zZTjsnldWih6jfh7smt-TSyrWGpjgYDW6cZY1biaUfNz1y5s-HFVCgYlGtW6yULdXK5u17sSQrQ,gm,912
2026-06-22T13:34:35,dDJOqN4KuzT-RRBx7I2eArjx9jvg80X6fEbagUc4_-4tg4avb2PMhZ-a4yzwuWS4Cwg99VHR8b929Q,gm,910
2026-06-22T13:34:35,vzSHYvhIFPch-B_IOWDSmm8H_ntVJboLK_WN9-PnH3HhE-xaTl4fkbOgm7IJp8rE2SCV4VVRf2WskA,gm,910
2026-06-22T13:34:35,nLnBDVhfnsqu9k7J3f3AwSk-NI5Ol3594s4ImJuXXWY9Pmc3XwMxdjl1bF1yNQeEs04Wd6m0Rog0Hg,gm,909
2026-06-22T13:34:35,S_qAU16F4UYA3fN2I5juyEOW0Sv6oeNWnth-vh8Da827U7jSaLX7E2xu74QzoXEOy-zgTBhlshmzug,gm,906
2026-06-22T13:34:35,43PNtibk4x_pJefWO3WLMpihvPcf89QoOyjBxEDcsseqSgoMMtnH6YVSprt1cRQvywVloMLPDe2G-g,gm,904
2026-06-22T13:34:35,wBq_rcR496yyj8y96NYe5ZIVlrVNaezS5yoOxL9YiYupsjHwuQFdnxD3Q2e1Yxoil683-5VKjsq8CQ,gm,903
2026-06-22T13:34:35,GTBdRwGcICwPrw9kE7AyGcoHclrUFEpy6T6akZuXe1lRQ50ofTQZq82vebDHWKJ36ZvK_acAQ09rVw,gm,897
2026-06-22T13:34:35,P7HvRX0bfPHFlHx_9C68zw1iwPtkpfEqJSRpfOecpJVa6UVT0KtDV0nHh322Carhh3X-QWyNOeusng,gm,883
2026-06-22T13:34:35,WKiHd-PC6G8BFbTcxjJCALpYkpaU8MU7mh9p-b9h3eQbkQn1VYKbmB4WvxvQ6D14ZXv_SnQKwoIF6w,gm,882
2026-06-22T13:34:35,yLkf2q8K-DYCAnxwZ58PUvE8Gdf3cYR-kL_Tl_KedAncBoCu1UEpxZqLj1SdDftVxIHaTEKT0JKHEg,gm,880
2026-06-22T13:34:35,xFFCW1uG4on4bO2yClALOZZoAKnfA00TWGnb6dpVqbS5xYlvdV167KfOyveTLZ7WpGJdbrrrzGbZ9Q,gm,879
2026-06-22T13:34:35,CjZs0gOg1R-MrZSAwb8xEhbp8zXduP-_loYk4YdTLI8DxgPL_JpCO7Jq6W9Qm47t6Fe8OzeVGFwjAw,gm,876
2026-06-22T13:34:35,NSmFUhV3NDEBTVxS_MOV56xjr0V11j_7bsvDQNdNFjBhW8Pbh1NX0jzH0hTY4B7UnJm-Lao4sVYhJw,gm,870
2026-06-22T13:34:35,wZ8XUhQ6nBh_Ki8Kdx2pjQidUYbu18M1PSyTwtm92vztETLvTlpa0uBxnYQSc2zCel7naFrGmMccKQ,gm,870
2026-06-22T13:34:35,sqKwyskl9lb9LFPbQuawmfsJEi0TxWeu-hZFvshTz2hVPJSiCvqpkZTgml4mwfuN8mhg1cFKx8JzMg,gm,868
2026-06-22T13:34:35,0uFtMngtPGMH9rmw7IkvgE5xy3pcPxta-mvuyzATpXye7nynqEWmgMYngz4DV-u1K-HY6ueJMa-YEA,gm,865
2026-06-22T13:34:35,3frFnkaVwRGTGidxTQMjpCa2fowDLieSMX0LKvPNCrZWPLmvleJaRucJPM7deT3xo7DrCagbdPhUJQ,gm,865
2026-06-22T13:34:35,SdiuHA_3dOPRbq7iUB1ycN3KiFf2LtYyYTGAmCVu6jRFDSptzNEUw9k1hWvybzZRTUMRertFj2zQ5g,gm,859
2026-06-22T13:34:35,5Mw2yjX5gZOtI0OmhE5Q-WdIBm5OWTsvvt4OnR_LhYuCjrknPacICStk2vlYgYgXB0v1uTCQcZxhyw,gm,856
2026-06-22T13:34:35,1gTiGEXHoFcarmx9IBM-8f1g_HAVLUDNoFSdQ7KJ-lw6KlS4mQMyRG2yn9c5OLe3DlgljrQqHDWsEg,gm,849
2026-06-22T13:34:35,RipUstQKpY3pnuAOg7Qnvvjs9qnrYihEqNbiNlGPk-f00IStHmLEAQ1SKO_yXCLQsKRZ8Lg44XUupg,gm,848
2026-06-22T13:34:35,qisaSkqwiR25ny0lTC2xG5KQH-w4bdqSfDTKIbG87U9VjIuLultBnIyHetujNDoLUZCXX9_KS9LomQ,gm,839
2026-06-22T13:34:35,Nngd-wNQuJ6Fp0h407mGgsDzuRfpjFhYE8WY5Bu_SYY_bTORoOuM7Oi6qn_DtHtZ-6Hp43DHNKXdMw,gm,835
2026-06-22T13:34:35,iaDqLIsmILP6OtvY8_ev32EloHBuckwWIB5AHuDjS9bpkzaeEDeQMDUWMGXrGs3XgFs7D-DowQUqbQ,gm,833
2026-06-22T13:34:35,4DES7r2c3LOBo-4Pq1qlBeCQ0X1OGww8XTrdCRXTzhdFNTR9h1UA9SXoA_eKrEhfPJA9nqgr53Zr3g,gm,831
2026-06-22T13:34:35,XF3ybg-UdbnbhVzJFNJGsdbPbJLLDpiDMd3cVIYXBmvAzHNfDzDJxA9pSLOq7-VlLOwXcNfrFAZ8lw,gm,831
2026-06-22T13:34:35,rKUCpPsfzK16qC21wyni4l_JhQauiqtnxSrB1GgSvH5UwzvgHCZHjFPNmotxL4P-B4qVgYltD9WNpQ,gm,830
2026-06-22T13:34:35,kbJ0c5F_afCpbTr3D-BHR2kzEwupcpWOEWy25VODKVPMnkKKTqjpNL4TzZh1J3M40Qo6qmFzE7YOTQ,gm,828
2026-06-22T13:34:35,uQYiE1NXUQLJ4dCQybc1_8QUbpxXqfC2d1hH1wV7WNpX4znhnuaIfUzgucdleKxnl8I74k-22fVNBg,gm,827
2026-06-22T13:34:35,53A187byqy1f2GcRDHbeGQCqe-39TVseWqCuWze4BS1rnXr6QYIUdD1kCxjdQJyItrfbWpNYxeDG0w,gm,824
2026-06-22T13:34:35,GnIHheM7Dq0apWjzMOU7j8Z33G1d68ptHkWbSAXK0hW-eCFKE3Lq6m8WkWKP9i_Fm1hE0gWW0D1UFw,gm,822
2026-06-22T13:34:35,cBjrh2h8hE9oPt_zNgzAi3YRnZ18z2CnN9kBgbnCWIKZtqqXNZ87-C6EmP8SytTUfD0DMLLgP_J3AA,gm,818
2026-06-22T13:34:35,ko613zQg_t6dN5B1XvQpWPu12EXVt_7w83rQBR4NVDXrXU4BCwKx6xY2tAeEIcOMrM7_Y1howhl3Ew,gm,818
2026-06-22T13:34:35,B8OfHJCXX1zd-g0qW_H6q6ocBPP4BaMBpPvIvrZAiGFGbnPDaQ8NyTkJ7cU7eJzXXnVyjNJQrCixfg,gm,817
2026-06-22T13:34:35,M2XpeNZHEkyO3Em8OFkZUwQhXKY67vmQSZweFXtn4ud91oWVQwweeC4cee0v1us8X_L3XvdAu78OqA,gm,817
2026-06-22T13:34:35,u9W3L8cMvbBjsr_figjoARMySdB2CgNNl91lQLkHckobT_4OcqUWA82Uy-tYeorRsKtHEWyewMn3eQ,gm,817
2026-06-22T13:34:35,Z3wxzV7fQ-_jnrF3mUy-_z8oePJuKI8AXjtVPkxaN-t2YLDEl6D0q7UF4D7NwCF2zMI_4TvX_XMcFw,gm,813
2026-06-22T13:34:35,ZsnFP4Y7UDW2dO6XusqlYGlSnlhRN3cxt9kXIIKUzJIkWFmxvr1Fwrt8tB98j5D6WnT9BLzFxwiJYA,gm,810
2026-06-22T13:34:35,5DuKeHrn3k3jNNsrT6wAT7sSrNV9OjY5DhaEo-zrwa7seH0Y1RvM9e7TVcdGmHfT3ewNJBsmSfYfbA,gm,809
2026-06-22T13:34:35,Bjfq_Mz1hHanYSJg67Yog3Q_Q3MrnDpLREdRPRe3Jfl5tjkVp_OFvL0Gv3C-wPF36jADtsaRgf2n3w,gm,805
2026-06-22T13:34:35,zVXfZNNwcIjvWuNivHS6XPSOohrxnTFG8kvdWRnC6gZIW2HUa-IBKoYPYspZ5hCQYvgyJ_VcWn6C9w,gm,801
2026-06-22T13:34:35,rap5VU0iY2Hfq6goP0XMlkVSQ-MhNy8RMA-zirtOY_Nm6stjAdcKXTBdnGflbO7C4ow4F_qWtpd1qg,gm,800
2026-06-22T13:34:35,QHAum4_wEQVaXTA05cfTSKmhyyrzhRnxpD5ok8EaKbive7wY4xko-2u_k4MEkqhfeuHmNQIfmrhaWQ,gm,796
2026-06-22T13:34:35,DyXpO7wahwI5TNWRPBZqcewxl_WkJVw6nocK4_vxtg4_AI-TFJDe1smaxkPgMFT-1PkkWffMwzix0g,gm,794
2026-06-22T13:34:35,oCFZMf10jHsPt3GcHRnRstLancD_Krbhvy1enNd79buZrmptsuWcGktxFZA1yJJneCgnuH8dtlq_oQ,gm,791
2026-06-22T13:34:35,ZJYtv6DjWjsVA7bjNyTP2pbku35kbCD03gNKpssrFtjIvU88Jf8cVgrK17QeOTOAIYW8nqH8bJXh7g,gm,790
2026-06-22T13:34:35,pTPBqPbDUv9Melpg70wLs_FN9wzojO3upb2RKKk0EzMk_8tKQ_lRfhrb8y5EGJZnkhUm33-AJY4vQA,gm,788
2026-06-22T13:34:35,ZU0MQvOB4BslwCO6nSpGmQyk6BWjo6ldyCCvANlUoFGR3pEBHoOxu4HdNu9v8klgXIQwC5ZFay2w9g,gm,787
2026-06-22T13:34:35,TcUgSWZWc7cVv0HlryqXVasqGpLALhjmigHuBKCjrpjA4z6YELUBBsdMtSu6qLdgbQ-JuYHckdc9VA,gm,786
2026-06-22T13:34:35,vugIViTWX_qAcc8ShUfU8M_K5BG4fvz-pPDvCI2tfAMFkURawQA2dy3iahYbS4-VpAtTtYZyJUV2iQ,gm,782
2026-06-22T13:34:35,QOo0tyK_0jxszlGB-Hh4VUa3nsq-njF9jwqdBce5xqmTVNzSNzXt81O-oP8YyrMtES71Jh1rTPDsxQ,gm,776
2026-06-22T13:34:35,agJQs2nzpzNBo3LiRnyS6nO8Rydy8abi-Q20K1fqO5j00u59TKoKd_Td99WWY6pIXqJ6XYlgrIBt9w,gm,773
2026-06-22T13:34:35,F6OCe4fyxSuqj_AFbssaIWL-3LAYT3puoeMhpmWS3jtkuXyGOG4KzE41w_ffwePjTWB5AKSVUcuIbA,gm,770
2026-06-22T13:34:35,VOLpeHNPdpPa-sAgWd5QlQn-0bNhU9w9N6Ikau47p4L-dpWXJpwrXEFY3wCmoWSz6cKX3pyNXNBW3w,gm,769
2026-06-22T13:34:35,sZzjIp21SMGt5uaBfy6dLM88ip_i-OwwX1xBp4WB_fsiRv5ycZkTu8ROYiKrYk-JY35CyNtXwxZflg,gm,767
2026-06-22T13:34:35,UwNhFCVr1JK6INljrmP8HlwkHuy9UtL1zMFzh7k9SgZylYgNV6iPsN8gPzCzQwti4gMflP2Wh1PZHw,gm,764
2026-06-22T13:34:35,2WAT6VFgDia-F9sISGiKFm__SzFx7HAp9amc66A2D1Lxiv46VurwTP8E_1-VaECpaniQwCTN8dfWhg,gm,763
2026-06-22T13:34:35,54F5e1--fg9Y2RY4UTu6ZGUg7KPWR0wwn8G1zrPmFXD_iqGR8PpLT9zc3JrM_vxZB3GjcJbvizythw,gm,760
2026-06-22T13:34:35,lZCfJIJUkz06fJgam1Am9HOeYrorxu8v94UABXd2NrtZKzZAZP7DTiPHawPJKfAP-w0JUvsQgzEYwQ,gm,754
2026-06-22T13:34:35,wrr9jkgQGT39P1ePwt3WOMWo348kkk4iOgxq3gaEZ7iraGCJIOnsDoSItc5O5rr8FIiQjAJmnctMMQ,gm,752
2026-06-22T13:34:35,TXbjhHAjIPQPTVhfUTUkZpkO_koqWJLRXEizqU0GrbtYx9YZGai74hqaxs_sDywD7e6dD4B85uI13A,gm,752
2026-06-22T13:34:35,wAId5XkUXxuXfyWk4zoZu3IP9IipLgExbkdNz6kth9NH_cwAPA8W7mAOH_i2jxvLxVpCDz5Pbdwn-Q,gm,751
2026-06-22T13:34:35,h8o2tmO_O9G7ycIHr_ln1O3yErIeTFtabLMWo1McOVRTpR7eMj2PWVjGXLIrJD5nOngRd0ckMFY-nw,gm,748
2026-06-22T13:34:35,s5d9DGOKpCq1aUs38BynLoKxz4TrcggYOCw5vPlxJjETvSWhniegf9oU488Pu7w-5Stsqt30y9P0Zg,gm,746
2026-06-22T13:34:35,BncbvcAo0YBqr-AlLEJGP4mVlbbqwAZgKLCrTZth6caom8Dw0v9cMLU4rN2DTZDn8woDFmeXlfT9qQ,gm,744
2026-06-22T13:34:35,SiTyhVxbAGdtKgIZ9cBSQyFWVQgoOxcPGdTj4O_kYQTyUjKsnpLPIFRfBE3AEOpUElGZcPcsJ_Irmw,gm,740
2026-06-22T13:34:35,RsW2U0_BVEpOkAX7dBDLC1agFlCnXo243n4EXT_ZNhiHwm6qJgs0LX-8X-jXuVRuvNTE72M1meIWOQ,gm,739
2026-06-22T13:34:35,MbTLN0zlRJeCM-2Jv25z5PhHbsxIRF8j-V2htNgojQswE4JDEYWUrNjgRgIWNKXYYiffGuS5f5kh4w,gm,739
2026-06-22T13:34:35,kolcZOpiiJPJIT7to3kNm0xThdU3SjBofoL0cPyNkkMsHx9LMdUx5bYwmQVxOpSv47wEt1tNvK9BKA,gm,736
2026-06-22T13:34:35,JgjtvG-MOL686DBsjoYXuQ2Gi6YVAMqgGedyddX-rRymMYqcmKL6qfnTXDKEYuH1Mi6WEM97tfFiLw,gm,733
2026-06-22T13:34:35,phRFOse-1pmjndHU1yw7XjpRiyx4Oswhic2avgqm_ekWzoDO4oUOv0k22BXhFPeb4vxUpCJWJcmn1g,gm,731
2026-06-22T13:34:35,WOhPaVDg3sq_H37dAD6lZMHw_snz2FBsH9erta8icG-SoAHw1SOIwB_4AOWDmnsJI0Kj0lDh6DSb1w,gm,728
2026-06-22T13:34:35,QszvCzZnV6YiYih_--sRsRQDg_TiCpqGeDHk6CeC3HOI5qQ49s5gspOGS2CsUGET5oHHqIeFmqGeXA,gm,722
2026-06-22T13:34:35,UkmQM3CTBr3ykt4ldQS50ZTHuOmlwhyws-fhb_ynjRlTMvYUh4mQzcC1QwlpFKT5cYHY2QC8H_F15Q,gm,719
2026-06-22T13:34:35,xKNL_eVoPJ3mzlJpm5OrwmjQQ1bXAJ4SeFnkTkj1RxkRlzu5mh6pqAQ08stTOWF8rJEfL02D56NMlQ,gm,717
2026-06-22T13:34:35,TDzg8XK7eCQnEIheVYmoV4AbnhIr86Al7loD7r990Znh-W8PxgT5dUc1B7puHsOyNDXxQGujjJTl-w,gm,715
2026-06-22T13:34:35,auxEhpah7adElqknGg-I9NDc_BuhAlY1VTFbzbTmZRtLGXDO5lteQJDSFcNpTPD2AoiN_IjJ_xy4Fw,gm,715
2026-06-22T13:34:35,dLvQMM9M4Khqo2tSLsYdHanAZ1wN9mn4K4cvYCGthUhShM1oMK2G5Q0fgW8z8I8Z9r_UYgqE3R-Rgg,gm,715
2026-06-22T13:34:35,-HHkfo9UG9GIL05z7ysNuZ4aRg24qXHOLwIyUySwLUsM-acVP78vNQDOKArtlHEtAs0wDPwm_VwgvA,gm,713
2026-06-22T13:34:35,UWakxQ5L6PId3aH1yLaJp2xUTRfghFkhkiRw1MNOWLVWe_1CSX1ciVnXe_pdT5FUoJnSDZetri3k5A,gm,712
2026-06-22T13:34:35,P6iTbf6WJytEgFQDxTbficvxQpDuGMAhU3M43mANETMEJyfJmUV69QzErHQN9TbVKzlaezzhjQrOZg,gm,712
2026-06-22T13:34:35,bJWediEn4fQZRXqbu_vsVeqY6Oamte3UlJhTDXPti4r2L1vEkU57YL4vikevDpa2gJ384mVHZYaU-A,gm,709
2026-06-22T13:34:35,ZcbuVENEonY6LrxHt5uhDl0yOlmQsnctJeUsv4MPveTH9eqeNdLO_gWXhqReAQlpS274nBRj6G7vVw,gm,707
2026-06-22T13:34:35,dHSR4jPGfO-54ve2kVLIlXE8eKLoRhaznN89BFY851BRE0Sid165Flw48Qyl5I-5UkhQ4qoRFmbQKA,gm,706
2026-06-22T13:34:35,qxk7m9Mzu3x2LeXoi_YLYK4rrPDrOwSLX38l096nL72GdRslLXq7eIij0Fy2OMBbIzXgYGo0ZZZ3Kw,gm,705
2026-06-22T13:34:35,yRMSIOIWRQWzxkoxeL7Ue02_9721qR9XQPxB_OshNxvUvMXpPcASWCOToNP50Z2-eS-ysBSk28hBmw,gm,704
2026-06-22T13:34:35,bD7jhUaIadJifIivtI37GCITSLFwoG7tBJx40GVbobcbkN-IKdQWS86vGXd07oq7n3SqntmxLUyMfg,gm,703
2026-06-22T13:34:35,tQbxOLqdKzr6RW0KIzZoOrRAPjpomHMHaM0tVWyggrBvxvgcGGJB2NBMpzlmdxsLgiBMqNzhVNAqCw,gm,703
2026-06-22T13:34:35,IGpo7G5vDl4COSg27EZtXZVW1N6xlgWTcDen4aiZvUf4I4jpPhcvcPMKuJJ-2wGrHKRtD6PO2ncMHw,gm,702
2026-06-22T13:34:35,0ZMFvauracZf8byAONlWjn7fCOa2EsBLT0mHr5J-8lHZJvYVTabTZu0toLvnyeN4nvKgcdbG9jAtAQ,gm,698
2026-06-22T13:34:35,ytCYVKHtbEGiSjP6JSikPJKGcjzM9pUXhTeirY_SUgSP6tzYLqDpH66LyA0yvntvW0oXREh-7yxHoQ,gm,694
2026-06-22T13:34:35,KY7oQEEABT6rDx_xV30V71_-t5NyTGsSo3_XbEVAFhCVgccvu69qUk3vpULlKFf26uM1mxC1xVMsSw,gm,693
2026-06-22T13:34:35,C8cm2JjB-7I9mUgbsxyGhmCWHKYYIFPNto4qZKXu-tKC9-FZUl5X3ZlCvQM0hss4YXoYUIyqmRGSJw,gm,690
2026-06-22T13:34:35,7cFaAfy-lCjTIXdtPgroHg-k80-DtFWU3TvWiZKzV4_vfUXX2L-U6L_ktcE3KlSWVALgsUPfATx7aA,gm,689
2026-06-22T13:34:35,DYaUp4mchVPF7o1mOTTy2oGS6doGnZMTo-A1ZnPpadJe9aq_lnKVZDpCI8zzf78sjY3Attr53IcoaA,gm,689
2026-06-22T13:34:35,Nv3wQXmAPZKVkiyPXjwvVbkgL1oh1kGL1zQdfgmQb80lrf8IKy_6LBCCvX26s3FTsR9JTlRCbJVzdQ,gm,688
2026-06-22T13:34:35,SWeVKG28juzpc2_4iXV0IDNZ8DFELKUzJwIUlSKvKTAK2grRyYVpucslhCP6s8L6VpxS8q94YFo30A,gm,687
2026-06-22T13:34:35,963hpSv0H8KgD4y325UxBvTNNS4SrgFt61ljrqUMqVOfoR2QxCWnRdao8b4MbW8keZRAWNh3E4AwUg,gm,684
2026-06-22T13:34:35,qsjOKzUUpkJa-xqBFmk_Tp3iNKdouxnuRag617eKF-Mo0hQLcvb-Vcs3BWlgBjEi6-uBwJZ3W40ZqA,gm,683
2026-06-22T13:34:35,L45-G_T1pH3OpKUjlOHdyb8bkg91_pni7zDZv-tHLARCahbLBPcpkDUbaBMC4YRMQgerHv3AbgOMGQ,gm,679
2026-06-22T13:34:35,0SL8V0Y50d-Gd5WJxgyx5eKhtCrDT97EHiGTZCV3TTNLd_Si92yK5fY4i_jZFEfM3DoiHrs_f1CSqA,gm,679
2026-06-22T13:34:35,0P4M95HJzW6eXyevKpq-s90XPEDdEYNjDFmTGeT5A-8t7js15Z5adJGCbeDWYSLFl2-zviwkcYzCwg,gm,677
2026-06-22T13:34:35,HQu7meBesdHEITT7THtAmp1zvk38m-pIAV8tum6kVGZxX2k3X2GG3HPhHzCHYn96ItLz413wbFaBoA,gm,675
2026-06-22T13:34:35,9aT6FYy1hUjsFl8PaLeH3Uw3NExJ7Zf9QTXlJnwpu6vW3i4qjR9XV-omOUWdPIu-ww125XG7wh4aIw,gm,675
2026-06-22T13:34:35,3a0Il-K_zIZguuhYwrhHoK8i5M_zK5lWZld3fvpMdtew4oKR9Pf9Pj553pATh_PzPjqfv2XLjGtKOA,gm,674
2026-06-22T13:34:35,9eFYw4uDvDvz65dEo2MHuEEv2O5Q8sGFw_sCyo3X4ovAQbFqVkOW8NF5dp40sWfauM8OgKB0eSmPNw,gm,673
2026-06-22T13:34:35,1CdVd5HqSrvx7dvTlU_jK43zuF7Rz0p1xEbRwMc-lcuTh_ghW03-EX0QW1xcncYcTQShmyZUetQPGg,gm,672
2026-06-22T13:34:35,0holtRS2vv5UojyyXxYktHAiviVqZuKHDKeAQaRRolXSBN5wdjik6fTeaoPrP1YICZ8B3l9nKmhCIQ,gm,670
2026-06-22T13:34:35,b7LYHjzxonnaIVIpaGiYllBQ0S8wycweLpvqkOKl5QGwXetdxA67rtiCcHjpbxD2fa-QE9JW3FGmbw,gm,670
2026-06-22T13:34:35,gEJA6jE_9EG7_PMAhg6jB81wphQ58k9Nibo4h__n4pxvLqzOG1ACT6F296G6mPFHt5J7L8tsQ8zzjg,gm,666
2026-06-22T13:34:35,52Yu4qZpR9JwnA4OdetfgPac8hP2IbNaRK4aHOTZNy_qR1IRESKagPlhXsOqkJO1Ae8-xYReITmh8g,gm,665
2026-06-22T13:34:35,X-2TCtSMv1XoEhF3l63TWV5N8i7Kpp2J1ZMHT_6Yi6bGICS49DM4s8QQ-eTKPWkyps1OWwyBZ5ixMA,gm,663
2026-06-22T13:34:35,fZ4LA1K9dO_Q_1wRMl2LbA7c820HKCCknqHXQzkigI7MKaHgM5lwtgBPqu7kWheuGr2irhfAoEcl_Q,gm,662
2026-06-22T13:34:35,Dqe4B9r0c49suxJOYgkRQwTp9LzaCUt7_4VyxN6qsXrQCKOdRv9wWDuU-IQLZI5KLcRie3ZEUMccig,gm,662
2026-06-22T13:34:35,-iOuO8eIZhDLLw9u68ZCKK3y2fKHAiqnJP3_5V-ZaAeLOV3Oh4nK5xOsQQmVEK9VTwnH4DcjdSifGg,gm,662
2026-06-22T13:34:35,_a6zTK1vDGicfVnLwiieCBTotaZ8CB6-JHKXWbnymTveDjq1XW61pDtQoJLM9QJSkijdIO9PYrS6yQ,gm,661
2026-06-22T13:34:35,3kI11W7Pgf9Xxnaft-7-nKGMKOY-8gPhQyslNQqDjI3vmyifQl7RAFLNwLt2vMYu84ifJsKYD3TETg,gm,659
2026-06-22T13:34:35,ubNtFsiuho_uwRwhtNh9rrwO8_pT8AuV3ZCcer4uNTlZ_DvcOA3WDBL4uDwA7OMuw8_5FmVDcKGidw,gm,658
2026-06-22T13:34:35,kje5MMdwAStwK2RU9QEKYgUi6YYXZrUp6hHcEEo2YDp2LvsfuCRtJ7lgsw1KiL3SEgLUv9JElVe3DA,gm,657
2026-06-22T13:34:35,GP0WWmLKp3S28iTUcSXvP_DG_QnDYGkueg2N_pwA3fh7_6GbAYRNSZxU280eO-lIGi7Tc19Rbecyzw,gm,657
2026-06-22T13:34:35,nISGTqiyGIovecl2HBTUViPAMIhAE8kgmvOU4draTygugwbcusuo0TwjWBaL1PFXDR0vBPhyLlF-ow,gm,655
2026-06-22T13:34:35,QVrUQtd6X8MpcvvKAXxyGKjAAsm695mhE9wCy_s4MTyGx4lm-S4ER_wZ0kLz1-2UQrkv4woDoXTBJw,gm,654
2026-06-22T13:34:35,Di1OsZQHLLPmJKcNNlxvB96E3NdnHYwVNj0T8GtMVrFOrwrA0M9TnZp71xocj-O60bfa6xGpCi0ifQ,gm,653
2026-06-22T13:34:35,Tkag2BdA2wDgpyjF7oyCNhLVqVHrZDTCSMw-z2ZegRfVBGuOJmazWMI1IXc42Touc3NWeSee1iNMBQ,gm,650
2026-06-22T13:34:35,FTE8FDgoHAvrgZrtDr1IvKA6y1pUJJXItho7kfZtBI44--MyiQbYa4jgL_b2S563gKssc3HRYxEprA,gm,649
2026-06-22T13:34:35,dNY-2h6_5Hnq5pKUyJLX49NMdFuH7hi3PDL35plkLCUJD9ZsYfztJPcgJc0HqKrL-fP22poB5Qru5A,gm,648
2026-06-22T13:34:35,zSaM9a3C1Zp_ZaomwjcnufG52tfCtu76mUtCUUJMJ7z26BRPycUd_jf9_R1AfdEfXoVn_c852mUZRg,gm,647
2026-06-22T13:34:35,1BerSgPG_q80pKhvJhgD7B8tMYU_jDeSZhVnfz4sOZlkGPp_NutPSzpk3e6s5otEVrMriLK7HCnbBA,gm,646
2026-06-22T13:34:35,1om_b0dn6wnUSo7a5u5ikNvH5IIx71CzDvImVIVDHe6D1ZAHDR7ca5UYmCwSMASkZnuYIwW2rPAxdA,gm,644
2026-06-22T13:34:35,K2_AkgCgp7YLJC2nOrvyjhFKWj0XOTe2xLajXnrk3chFhReeil63e607Hd95cl-pSURHizyApsScCw,gm,643
2026-06-22T13:34:35,5ypqfOxKIG7Xh2dx0qFEQkr0vDLXw6dnWMQyzuA0-5dGp4t-m_jp-Tsv8iu6ZGSQ_erTt4I5cT6Czw,gm,640
2026-06-22T13:34:35,PRPYQ19w2AEymLPtU6fJt_NYxlrymusYLqi6V31kcpZbT7tYre8Rx9GkoGLIVhlKgKPMiXuA7UivjA,gm,639
2026-06-22T13:34:35,DsT_aKQ2TekPAUjM4y7UoAA6Q1FPA7XrsIhpQA-7Rly6qc-1D8MOQ56PEUK-L8Ycu28DozCQ8e-tnQ,gm,639
2026-06-22T13:34:35,jxE7JzGE37ZjG7b0DDq9se2KxC2DKCt-uz_yphTLjd44mBI7oDfOvMcx3ZdroS0Sv5Tl7nU3TCGstg,gm,639
2026-06-22T13:34:35,np1w7Gjx_jJiR2PCBkbpzZ79hB2S5zaBkQdNmCP9qDVvEnPNBT4xdtb68s15ySFiN-4Tuq_2d5yepA,gm,639
2026-06-22T13:34:35,J0-PSILh8dIbCi8irsDWTGCCHqomXRyIZysyvkjc4BW8MNpPbppuH91tGrTWU0wsElQ0fUGVGCU_Ow,gm,638
2026-06-22T13:34:35,kXLQ83D6Yu2iwWZHYq07WxST3gWfQ8dwnwiVRChU_j4Jm0sfoj0XyFFQFRAkqB7weWZrusz7z23jqA,gm,638
2026-06-22T13:34:35,D0nGRXTC3LA4NePlfvH_0Bov0x4Fyn_9PQPQYUBUJiLAXTM5NjkNL2K4XXUDo4iqKS3y1b83QHIxFQ,gm,637
2026-06-22T13:34:35,zlNRakzPILlNWibXubdyObKfU167gkHf6BBL7aJrWwEZz9FaR4X7mccCxD0aRHp6wy6bDl9gylS7rg,gm,637
2026-06-22T13:34:35,0SZTKGxuUGLinSRFp6-9EbuTBT7nFMEDZinKNXV5wHqOJ7U3C-KX420iN5MpYrrWoiAIrUJUYjc56w,gm,631
2026-06-22T13:34:35,lHu2NZwGDMLzUpQfwdZMFW0DtDFlQMip5iOhA3YMkHVhvytQiNAHF6CmfpG0zgqhniZSB-6-sHXgmQ,gm,630
2026-06-22T13:34:35,kiRhdsFdPVfM8EbptH63zJoebJ3Yds1ZulICZvPZTFXwxCoS18Ml1-K8UDcwNqsrfhRm1pabG3OO0w,gm,629
2026-06-22T13:34:35,wPZ04Oce9XGrwUyeBOrYIwtCN4TyqKDXuAmtzk-CFMXSDjiAAcxcx3Lg554cvyZJ3sQYYnbHURykCQ,gm,628
2026-06-22T13:34:35,6KCoH74gQyu6T9TVnzmaNEoD4-i78i8tUTbJUgRGfXX7VytZ539E_2Z9qmGRpyU0U-XpjF8f7V-Yww,gm,627
2026-06-22T13:34:35,-sqAPHFm-aNwXGgEJmF1LtV1mA3YnKCVBMBXqLCp340shNNvvoKMQIz_GswhM-v8aER39nHB4GphMw,gm,625
2026-06-22T13:34:35,CAq9IAlr2yFSEYyXsASALsUvf22d9cNyC8Czq5972SJSD63JnXJ8_2Fc_R_jh6ahVOsFD-sq64UrYg,gm,624
2026-06-22T13:34:35,MI-aCCDEDq_jkdXcSWVS4MDXI1cXr2UE1U5Q1l2emW2wTRRNU0zOXzprH8D6TciCB53dfqLVuumSHg,gm,623
2026-06-22T13:34:35,AUzeR2hdMtEISnmF6CR9thBgTjppAo3gcnmAIB-GF_g99a3-zK4A1l9RE0WqlvoqmxlYQwqRlehZPw,gm,623
2026-06-22T13:34:35,nsHAvjoUNMYmqCD1TqIzJM_8Ky6w6ioHzGXL2Qhc6LTGk8KATX-PF3LZyutcPv1OAKGKaQQzQhcwcQ,gm,622
2026-06-22T13:34:35,ifeHCNyJy-FL6NWkV_bddZhWNytA4OytdkDNgeiEDRFGJlImblQ5sMRpu6Et0y0vNTSLLzJZyCvMKg,gm,622
2026-06-22T13:34:35,2sWS4OknHnizsoL2W6TpoJqcZ1A87P6LQYr--bgzR1U3IyXKFjYsyZQ7PfiI9m1c_DaRlRCCMRXaGQ,gm,622
2026-06-22T13:34:35,Pl9TR384qrNs4i5Jx8c6VmuhErKvbE45QuL_bXoo5HzJ_fXHnVB23a1CvIYVX7f_tdNV6uP11y9jVw,gm,620
2026-06-22T13:34:35,e7XvntzVhRV_Qva7aAog6AjkdX_4zl_PjQtIsrS4PkrDPlv_D6xjD6q2XBv94TZfsOZl8H5VXFXu9Q,gm,619
2026-06-22T13:34:35,n6t1oLLBTCUofy43_8cLmbyLTCFCDY7MGXdif36LazKoHSADekangAviqFHyuHdr_zNyTVGIkXSeow,gm,616
2026-06-22T13:34:35,F1f1zEJqYGuP6tT8yJjTSTbZL7grUCP2FlfaWo2NHX0ltMrkUQrIRo8ZZqsh9m4KruT0KbEdrzL2bQ,gm,616
2026-06-22T13:34:35,FOEtKgyyeDbxAVlDeOt9bG5sbqHa5xAr7s4EAqLfRYXax-YQc2uS72qclcknyU9f_3nGxpkgm17kLw,gm,612
2026-06-22T13:34:35,Qhm_Ve0t4llwwm1XBLPSIfhyWa432GNbrw6AqkHALcZx25gPQ0UGO3eZ19KgzCHAi_ikr1jbhXFu8Q,gm,612
2026-06-22T13:34:35,h2ZIQ6hyROlE5R3rxrqK45X8eWH5ZXWi_6F_n8qrAcaqrjhpaHJJMI4n2-mDeJHqMw8NiIFxb4WcDQ,gm,611
2026-06-22T13:34:35,PyO_is9OigCihdDiI_l_lA7wEDiInGBxfeKNyv39_CAo0bPd87Oy3VKqfkW4e_peFunWA_Qdn3ObEg,gm,611
2026-06-22T13:34:35,TfuKg9PEZVWD-yMnA4BhNsQ9N0CoY6v8LPP_am7s_0DwRZNcFV8l2TLtuKISMOr0dgghH-O-0vcyRw,gm,610
2026-06-22T13:34:35,_UqVtM6b55GqRs-WU1LAG4qGRKtwoCjxmNpDs9M4uvhPBXFMIvxq2wBOT60R7h9bFSkbh_0suFPJPA,gm,605
2026-06-22T13:34:35,--W0WWkcOdtUEd8L924GqoIc77iDOvE_w3mXUTMh2H-7LRwds3lO6UaIG7Bd3PZIgMZ61EW6IIxiUQ,gm,605
2026-06-22T13:34:35,C_1ervZGc1nvdBjnKR-Bc6wCSijLnAFX7o6hg3yc-wvt8SBYH38P-w5C9V-WwGm5idG8W0UzkfUY3g,gm,602
2026-06-22T13:34:35,dxYQfp53yFmNEkGWGlT2SKC4ioZz3SIS0calHgJsGGxdfPYKoZfms4QNcdisXuQT3Wg5CX0UJy5KpA,gm,601
2026-06-22T13:34:35,9gpGzxUFERFnNhyVCx2PpK2iCDWi2UID-i7Bv6qBGwa_MKZDxSk0x7jlSSrkT25u29clNiJw_aPrHw,gm,601
2026-06-22T13:34:35,riFmz2EWHfIKKtY21GVuaZmirZzy1ZGy9oqXPX4f5S0QmqOGz5_UFexe0qRJLwUEp43mbC0yKmE5Gw,gm,599
2026-06-22T13:34:35,qa_R_nU-BtpYVu79yF6cMjobXfGvkNPtQkE-OIbYs4w0reFyLIqmg3XvUrGx5NfhxpXidqKGW5JG3g,gm,599
2026-06-22T13:34:35,_y7wbbXdLjiRPkm5O0_WhKTeqrjRPW5KX_nC8mR9AId8QAkXVrntoWN9wXWAjeACgzZXNS1v8uQ-wQ,gm,598
2026-06-22T13:34:35,Yvs3jPpZz-S4wnBxL66jDWJ4UduEQ8WGTklWZw5TjqRYwDbDY7PQOQi4hIoggQPT_2FpWaaDGnwm7w,gm,597
2026-06-22T13:34:35,y-Za4Jpjc7vBaSSXjBbWoJloo-_ArgDxxgjT0LQqvx1suo8p_TNPTJSR-PtGMIcMSZ0li2OuAy3Hag,gm,597
2026-06-22T13:34:35,PfEAN8hU6fQ50QmHUOxSYnuGvHTpp0aWywfLJCOwKwU0fhVFMDej0pkEFScrrzia4wFVCzsCegijMw,gm,595
2026-06-22T13:34:35,KVp0019YwNr9_wP5WcMjIPURDIOl83vTHTYneEKZsJYbnyiZ-DdzQjiZo7bLBL4oN4I01_X8VSU1Ew,gm,594
2026-06-22T13:34:35,Eyom71HsQQgfT8y2bt_EVCZGLCdPfwJXnQ_RZECNgoYEf5xq4eOQ38uue1AGm8cFwNQ0qIIznbaCXg,gm,594
2026-06-22T13:34:35,7JbwzAgI9cnXJHcKhVja1zYUDvkdnm0EMxkBzVjfUun6_rI5S5M3AF8_JA1q0G1auOpxJ_MS2HfUZQ,gm,588
2026-06-22T13:34:35,SvmVJi3sJbUUzrBYb-wTFVxKL2DrQ27yznvbL7ZKk7AWVOqYIFwW3ySaccWwVaFBkrYrkX9qMD7E6A,gm,585
2026-06-22T13:34:35,12jUi-KrLSdomLkXgMliw9JKw5w2wO1S4zOovt4aresS9XWNvKEW32IeJ4Ax35YpbcNp15Z7dxHhlg,gm,585
2026-06-22T13:34:35,wKDFyVIXZwLTpb3fkQUog-SnpmrGjEJg0j808-pZcYWX1pLiyULqkehhFN7nFVGIIODTCmMZ8DhTVg,gm,585
2026-06-22T13:34:35,7wUndNTUhvKgl66-QtwlcGbxwioU3UQJ7ie_rs42plCtydb7I8sECMsmSPTqwHG656nm7QmpLWJpTg,gm,582
2026-06-22T13:34:35,w-Poyjmqqzlil9GMhGEu0mZyGZFbX0AjJbNuUka9zyJPyl8SUKHVs8TjGPee0EV8exBRMMq4vWAyiw,gm,581
2026-06-22T13:34:35,rRVALVlnynRIIEQNr8QptZAWC2ILmWHSSQnZCpJeV62jJKYMd-ltBM3a_x4TFfdZLOE1eVaLDgj8tw,gm,581
2026-06-22T13:34:35,LpHVJRurMPNJDmYZX10hkX22UBrtj8fpVOA5GCV9OLeyIYpfOFE8MjG1mLCVHOrUPFtMoLyv8h1WYQ,gm,580
2026-06-22T13:34:35,zok3cSrit1K9LnPtho1_P6vntwhHbKHELXowLq87r842C2mVAON-hHBJCImefdWvxIP-h7ktwLXn-w,gm,576
2026-06-22T13:34:35,tq3syCBl0pIUqeM0vhlSN4y7dylJUvv--yCrE2O8EcjXyuuuJIB1fNejXE9B2eRqdZLZuDSLayZ6lg,gm,575
2026-06-22T13:34:35,8fAonLtfbKZDqjzC8xl-YL4Sro3_EIiC8leYeyBExVCEILdjngcvTcwWzSiqTKfa_RDDPcNiMX3dFw,gm,575
2026-06-22T13:34:35,osIKBsnkqnAB0xeJIjbAv8UChTaw5RABYVwTeqRxNo6GwIRNpa-17RQAgRG1_DaXIG4td1OhvZPM4Q,gm,575
2026-06-22T13:34:35,3G2ezphSIYzwbccvLamJ91j_-fwbxcMVH4Wz5_Sw3olDa5d9L1lZ4RxKe0HV2JIdLuWuVHb4Z3QpVg,gm,575
2026-06-22T13:34:35,78RneWqo0JLFk4EphbhhJl6hGcUd1RQ6Gi5Ck3Utkbgc4cKcpUB8kmrOP5ZTG-Fr5HGcqyWVfNvd1A,gm,573
2026-06-22T13:34:35,-vuXuseySp-IiC-vs64StS9OwLnHowtyHX-9yLJGVxtzJFzwexFsVXYEbDB_E2QO9D5QizwNm6vjPw,gm,573
2026-06-22T13:34:35,Qer5TZOoTRoa3shI3ZIcGJjhG4JjC0mUu2RJeHz0JpXTjSKWpyOLg7ZnILj67tpP-wcEDFN9mU_DEw,gm,571
2026-06-22T13:34:35,lKbpcQQDs95ka_mbo10kY7W3iRdl7XY16fUHwtNi6kAROQrKX458N8rHs9KWGU5YagEaCAIS9lzOQw,gm,571
2026-06-22T13:34:35,U9IXay5znQvAt12epsOd7nzB2j0v9idBT0LkAR3awJYgRkKvQbdfkHclDdQpfdSW-Hn1-kVXNJhX8Q,gm,571
2026-06-22T13:34:35,wrxxOUkKTSPB4LGK4raVQnCxjfrFyWQat5tfQ4H_3j63KuoOIUkZZvhPFRp-Vu3zUpJ2ZPhEC_1qqA,gm,570
2026-06-22T13:34:35,VHHr9HVC87yz733bAxhy-QPvwssvBQutq7TL72CFk8p6v-dvtAdRHypVDy8P1goEqY5ofUTa02yigg,gm,570
2026-06-22T13:34:35,atIATx34tp7ClTas4PntJl7XncZQVaVr7xfCqwmjyQBqG71wOOJApWRSmuVYMiKJddC9ZS-mLBVF7A,gm,566
2026-06-22T13:34:35,1B4fr3vlVJTOmwx1pt4JB0h_avyMKuo7RGV7N2gbDkzFR0HVFNx80IrB9UVSshlB-y6vBAb3Whb2gg,gm,566
2026-06-22T13:34:35,6oJLE4f6eKIOqONIbtA687BkFX8ps38I6DuCB0dkc9C51BdRa170mo3Pf5WHMl3ygPeYZWyQF0IdfA,gm,566
2026-06-22T13:34:35,oCy7nG8ktsZg4wW3XJpz6_w7i2hdN7VHJMV-mUMw1q0-E3BKGU8cGTCO_GaTppVX3UnzztK6XaL94w,gm,565
2026-06-22T13:34:35,YpVn-ZMe2yX5QXrMqho2RqNpxs7U2NwDZz2JM6b4Ht8pF8ABtmXuCkj3gDGGVGhqpUx8kutA4lJv4g,gm,562
2026-06-22T13:34:35,8NTvJlRk2S4BGqt-DsttPAqAiRr28v8yM2f7Xuc0ukJVSvuutKgQsjYR2v_jm6qer391V0jTIv1nzw,gm,560
2026-06-22T13:34:35,OsHJ1lQlxuUUl2Q0ZqIrz6Bp0v3CEOoxbCGy8WJn6UJS8hsZBfUUfHlrUMo5HjukLwbQsSfU0T1qvQ,gm,558
2026-06-22T13:34:35,Bo-w2-450K16tVxZt4JAHK61QkrjK2pL08OLBvSAX4a_jLlQA2PDcff_PZge56wPlF9RlwcV172-YA,gm,558
2026-06-22T13:34:35,seXPQhF2NoR-fldGTqDZI7zrU98ckmdCIvnGJwHOwYnyOrY1ut7z8-XDsjwSmo-V4uvrunRZJ_uN7A,gm,557
2026-06-22T13:34:35,BH5Bp2BnakHeAuyDi9EVkXBQC0UZOBssjF-aWT3cyhJz3KSnGZZRhsVtEJ_q8o48mTxzG8IUfBwJqQ,gm,556
2026-06-22T13:34:35,PScGDs-hxVnNoWFYtzRhuZe6Sb624oChXTXJ1Q6KekJdIIQKXyNC1WCVnYgi0zYRdcylA1nRPxFupg,gm,555
2026-06-22T13:34:35,6QZFHJTQQyGW0V-ZnyNYpYKyx-1UPWsUygxu3CevHmj67_JzfKRpcfcqCzx7l8HVXrxcA_0yzj3LTg,gm,554
2026-06-22T13:34:35,-4aomHdiPz34SpvCulcg38-3SYHWzF-miFN5XYHMcAvC6NSy-hURJDhLMse5LEQIJ9lR3if53msVsA,gm,553
2026-06-22T13:34:35,Kt97MkMngEIFc50oXpGOq3X6mxW8Fp6x3buu0NJYjtZ8Al6P67bf0C00zg7zP8PwzkjznvhEFukHFA,gm,552
2026-06-22T13:34:35,I170feMo247GPcNduU9uOBifFT0kzMo8g8dv_mS5DdEXdNRd-mSbHOaSBXNqS6CzSlB2B7Gvcq_law,gm,551
2026-06-22T13:34:35,-sBNPydEy0Pqvw8PCr-IlYm6Ayod7Ui-JTQXQPCzbJULSCUP_NdshVuFnAm5lcy_OE4cAdT83fxuTA,gm,550
2026-06-22T13:34:35,Fmkk8R2g0r1CKrqaJmVM60vNh2Ii70LzcweAukKM9WZvOy-wDitURHdYoENwUPh5cJboXkAstOlF4A,gm,549
2026-06-22T13:34:35,gweKn8JsNQCB6ZHiGmIcJDfqiuWbEbgtr1E--NzEy6vIz1sMkMlHPZ5TYlheCMAQV3elYtE73IBfFA,gm,549
2026-06-22T13:34:35,vM2z7Qg35_97qz9EtoxXnM2vQy0VmYUyAbdX7vRJCWs6vmsBpgGjspN3WE9usr5WB5pc9Yq9k8g3TA,gm,548
2026-06-22T13:34:35,P2M_5ONNVxKDn69HxgE_r37W6G3zpBxDpfFai07UysYQGWOD11mK_D5tEWp3LSsqD-8AFLv_I5Z3-A,gm,546
2026-06-22T13:34:35,8hQvtPqjQDMBIhKUaCi4hCSgYXE1kAJwFzhgW54qT5kepURe7YTduiuRo7bNQA8ENSe1OPKMYLxjgw,gm,543
2026-06-22T13:34:35,mneWyrcStve9m9Dbjj0klWmV8V5GM1BgoOhssXoopB9bpoJWmVldJXURrSSjjXLzpjH-b8eLDTE2RA,gm,542
2026-06-22T13:34:35,tpO1MArO3pYs-Ga8NHZA4-sFZHkQ6tWWvQSDCCKupF5iIpvyfhNJj_P6NlokfkrH_BiuvPFkxobPIQ,gm,540
2026-06-22T13:34:35,xqSm58l8IMa2js1SneCAA7q14w4UTFwcywlh5lbD1ARdbdP0AlK_noqDlSusJy8kdsJ_rCVpmYkNYQ,gm,539
2026-06-22T13:34:35,uYv50InpweJVjSAmAkVkcZheMx-zmtUTZNn3F_b__nW7JQkcCuZOoxPDno-y3nlwxs14KNNpaao_7g,gm,538
2026-06-22T13:34:35,HjsWzvONEShdy-rrns-MwJiA0l2OTJHIa04tI1AWfwpP1eBmOivag6gfs4hjidg2tbpGR2cLuodeFQ,gm,537
2026-06-22T13:34:35,FaYTtI6QbXHJTt0CnwouajjvdqZVPEYfbu8RoEf35TG-d_PrG-BCiSR-NkcZRRricxNLbBOWyXyegg,gm,536
2026-06-22T13:34:35,dzOlbwhunZtRFuhZ4c8xwtkvMCW7t0-jzrjBQIbPPz-oDC7AWZ7cgV-yDuXDm_jFEMsMfHT00cEgYg,gm,536
2026-06-22T13:34:35,aVVBizlbg5-VTLST6fimKhT2QH5GFNzHiJCs2PFrESRF-PhLq_dyeAgi84UL3I2niLamjaib4lDxRg,gm,533
2026-06-22T13:34:35,JT2PfLWKDFjrOvNscq1ThrDtyaE0NLCcKNOSjqcxkv-o2CTgmd8M13yCXrjpA_FgattjcUYpLqBpkg,gm,531
2026-06-22T13:34:35,4ZlzZe72Z8LhuT4GtCwiHhtbKOVtg1rQC8E2pClPlvtSn-jX08tmiWSByRGz_CZTUmGDMySddqEXpA,gm,531
2026-06-22T13:34:35,tVUI5pch8ev0ne6QM8W0VAaEv1CKRVjvOYt_tNDHcg6kkkvGVpr93ygQ33y5NWSnMDfoj8pV_gcqKw,gm,531
2026-06-22T13:34:35,a8nlVOXSVsb5xq-B0UmpFs-P9nLuGQ-cpnThAUC393tMJkcnC57miNNhPabm0JFwtc7QkGHQ308VYA,gm,530
2026-06-22T13:34:35,oteyn_2U2qV3IFnQRMin7wGc5aOMX8WTSqm5aDCRaxP05sB5Y4MUfX5DcLT9ChR8MyZRc4ssytEsXg,gm,530
2026-06-22T13:34:35,Gt9yos3zq039oPz6E4n5-A8jsC-GBuAydZjITmRG_NMjkEW6yljO8aANj1N22vjOe76b7kadtwkTEg,gm,528
2026-06-22T13:34:35,iOQrljy4Hk2UZ7iv-s7G95ia8winMgrHxoIUBmFwYhO7mftza1eOPuIUjlxFyC1VO8B6mNSVMzfE4A,gm,528
2026-06-22T13:34:35,VaVigafXG5C8aOFL5OQe_nm3xVkAWhzrBbyuYZ7sAO96y8gCubOWlQwg5u2LUVmA9Q_wtViXRGFBQg,gm,527
2026-06-22T13:34:35,CmX79cVOhUj_YZmVaH0D17tvzO0TkM7bPAANPan_EcVHu3G1j_ATXbKB7G-pKJKj_WFLwJaDBho9Mg,gm,527
2026-06-22T13:34:35,HPqTK0_161f6TrZtcFgCZgBX9SV6A-D3IurSn5n7gzGh0v4xUupSLaxAXtUYp7xkQifDP4bKCfp58Q,gm,521
2026-06-22T13:34:35,yobDTknmk4HAs2MWjfbUyvdF9HSknisqFDxwI4AXpkGGqhI3nmlvV7sfn-m7YXbzCQaz-1fv0gJnqw,gm,520
2026-06-22T13:34:35,6GS7QFlWcHuMgQEMbOZkNgY9glbux4OcGcWnu65qxED9kLVyTCiSF12pimgSPv_OvXzvNx-mKBh9Mg,gm,519
2026-06-22T13:34:35,SgHmdeV-uOMU0Wk1bNVqzVfXHeh4LzhhBX8m0WMCYeuU1tMke5i1WjjfL_tcDoTZEH377dXU_D3Muw,gm,518
2026-06-22T13:34:35,W6VAw5fnZUMMk8ORUd_oXIMOOI2V0A0UJfYWquJanUl_E_erUjqtO0S1OpeuTLejVNF3fXqCNHFJNw,gm,516
2026-06-22T13:34:35,BlooCND6gCvwxhljcQ0YIJrACOjv9LwQ1ArBRvCFqqZG7-Hv-ksviW8WV7A2ie6X87iD_EzUpaVP4w,gm,515
2026-06-22T13:34:35,gHBKIkLxf2fGgnb6VPI3HRFdyO3WMw2AoBeFz0ZSbTqBtTwggTr0awCQ5Q8_yb_DGfSay6cV5tTOwA,gm,515
2026-06-22T13:34:35,YF68gRkrbQ3AZwkX-4YcDja3t2sJ8qTDD29-SZvEsfnsujcKaxq9E8IPBybI_L0P45-b9761qt4O3g,gm,514
2026-06-22T13:34:35,THMf6wBnBLRpiIbhffGUeXER5x3w5rTs35lcYilyuxoFQ2Evn-r1AGNPkux3_zDFDMQVdw8yz-Bgaw,gm,513
2026-06-22T13:34:35,sjLT7KvzANGsrPAqkwF_eXpPz5l2g9kYEviPueQEjMUgyndE_1r_fGcMzoHF8cuzOuVnCgjp1SlTbQ,gm,509
2026-06-22T13:34:35,YPk2VrlHz4a3TSv5M9zCBqVYnKAoH5R7iv8CKaV1n9SPaINo4RQ3cgzG5Q6H_4PQWHGmXIohGjxq_g,gm,507
2026-06-22T13:34:35,ejoERHOZC-xEF_bRsDdQh-b-Dyy5A-ABHkq4ukJIEwwR0HHL_0gyW65P-2n1Lxx7Dab7nqkLSOEZPw,gm,506
2026-06-22T13:34:35,C6mh_aiexHCCsuZa6haiGYkir-ufYCSAkAqDKj4LP0VQDvWX-wsmCQvbgl0a_ltFWZtS2cNvwLfUOg,gm,506
2026-06-22T13:34:35,d9IDihkuagXs91eO2gMON6PriuJ4IWnKN521GniAhOvbNrS4y2wocJNzWmnr1b5q0eUNjsJ2I0B5XQ,gm,504
2026-06-22T13:34:35,SsGf1PKbULCW2TlKPw2kAlC1ZuweB8h0ub9goBUVJ4nvl5dcn-IHQBgIY9_fRytev4dQEv3nh35Hnw,gm,503
2026-06-22T13:34:35,PrkgSWA0TmN2W19gVDdyQFy3JsBVHobxzb_r4T6o7CjUmSYPppW3YAaLub1HuwcOG1WxYE4LV_xRyw,gm,502
2026-06-22T13:34:35,3Uz7_tkcWDBdgzTeYjdqoh-yg7jyq1rCMJ8oOAa-z7gCMTSS4r7nB0XsWL8xoG-BV0H_r3Twtka87g,gm,502
2026-06-22T13:34:35,Nlx-bWp6c3RPYJRAHZCBXpG0IFGx4B5_FefPByKAuzqTYl2jYSKYL1gwUP_mkVkue1s4GAnrBuSdtg,gm,502
2026-06-22T13:34:35,Y8HW58iECV9e9YquEDma9wdtiBuurnHZG0SpRp4vX_-L__BLHDBs_s4_dWb_iOCH0rqWoyz-is8cPA,gm,501
2026-06-22T13:34:35,usXJUsHinxQPoBhakrRln8LIHLKv7sY26hTUCjp4Ft2nYXibMCD2ixF1KvZP9LJYngEl8ZfaCEJoQQ,gm,498
2026-06-22T13:34:35,L_9hhBd8d50buEM3SkmWRcnm9xdCWbAIeSKJLqph7jDac2u314LwDqMUS2BOS7PhsPRXZSscv-Ph_g,gm,496
2026-06-22T13:34:35,RR1piHkhnB6UQY1VV3ZYh2MmMDuw5pR5ZJzY320lJHGMr1DEne-35B4JnotiwD2w_poCzuXNbcUNmA,gm,496
2026-06-22T13:34:35,c8zq2SPOp-JER_ZW7blvOgiuP82os6rcHc6DYVnTzZ1fzfX5AqpIbU0spGtE1qVyowVoyNS_OCDxfw,gm,495
2026-06-22T13:34:35,GWaHlK_alzOHoFu9H1yQJn98wRMrdFRAZat0xmu5k7avOFv7Vup3CSQp0mFwR1oFhnusboqHAP62YA,gm,495
2026-06-22T13:34:35,FVXstysPeN06CARVeCVZSgWl4ioIOdrCOOggo__DEq1L9oWHbHgXx-GfoNlTDK5BDlKaZfSbK91zoQ,gm,493
2026-06-22T13:34:35,9xIa7dOQDiWOKfaPdac8VBck4xpv4T1Nlj4kyaP3dR3fb2nv9iZURjtbGwk3LWaeuPFCxK__tXsoaw,gm,492
2026-06-22T13:34:35,dgjfMj9Mw2s3-s4YRUx7qY3d5NGIzQZEV_f4z-MY2RPm7lUFDDxEB9J4bEAQ34y73isapvb-6-P_bA,gm,491
2026-06-22T13:34:35,sOwpDvz-vS2KhRqVTYNe3xcNHSGKV1qSFhgU05ewH0AJNNU9g9n77IrUhNyFZDA67z_6S692bz_y4Q,gm,491
2026-06-22T13:34:35,8-F58OriiwPtthpQfPGxn9bUJFm0LrDezvM_a7h5TvvbP-gE7mhORToJ05aQ6osy2eJle3Qwe0oRrg,gm,490
2026-06-22T13:34:35,kkTL79qE_D_JpUOE6OEIpCqUs0QpOFYvdRSEff5mL2JbiHLEHWgGgyUmXd6osMqyyEVl9iOtSrK24A,gm,488
2026-06-22T13:34:35,3PzpzG1cA7wG_5GbVABjAiwQKDvHDP-pxByeWTrlP0rNkYikbQtxPDJmFWEXGi8FVZRrN0B0--H5Yw,gm,488
2026-06-22T13:34:35,L201F_ATH32ankOUKtmLCNr9vHdreUmo59s8XmsnBsrF6FhfxnII-Klyyo_7EwUnAzfPChoK626_BQ,gm,487
2026-06-22T13:34:35,gvKMTm6e6U6f2KRV9df0OLcVy4RtN3B5b6sh6T80lYpW5FWixgMlsH7ddULbnYmty1Ip1RgTQN_-4A,gm,486
2026-06-22T13:34:35,L0f0nSKktSTtZjXUqFKCjlKB1h9QmsxwBWp1WXrNqtcy8yaTcJDPwwgnJOj_fTlYrwZI0rMHuDC-BA,gm,486
2026-06-22T13:34:35,lRwaa9o5aYxZI0ZNFAs-sejq_D286DuuQmoHpeybrldA1ecUQWw-WaMIrCT6K8yvIx141SU8sJbImw,gm,485
2026-06-22T13:34:35,gKfu4gZbxpfefNRo_edhXD9hVZKnMnYm8JWVW9RqB3wwe0HH1JllYiKHxeASycuaFyN6eGOtE5tcGg,gm,484
2026-06-22T13:34:35,F4fdSbI7Zh6-UzxhrnHSd6pqUsxhcfm62C65g57Y9_t-h0WItTV63dzSKJilkz3819dJNJGpeHK87A,gm,484
2026-06-22T13:34:35,zv3BfNjZIrKg63HYI-BDtOCLb_DmSOZLcGCFCW8-T_W4LkUaobimfYYfCvAA2IuI6dPXPIJ6NKVMYw,gm,482
2026-06-22T13:34:35,UmJkjB4H7Pfi0RP6i9HsVQNVJ9RkUZkIxiC9wk4lBjSqda8Yeax7c9MDu-riJzhKD2tPfTm3_7mggg,gm,480
2026-06-22T13:34:35,8SYRul3jGL_F485k1OOpVL-NkuWCj7GHaAZ5QvnSV5lL08OAjXna8wf0nsCuJQ3sTBo7w8KqdQLxKg,gm,480
2026-06-22T13:34:35,p7VuszASSbpp301x-xRcoJvaVGAzbgT2lQ1LbmThwIpDCJwIQgJ58zYb9GxMiR-br-kfLY81mK76Bg,gm,479
2026-06-22T13:34:35,yJOaoTNTcNR0qYjxiVh4Rk-OgDHyQYlY_0WU_hxAqrT7e5kx3Di1ltfxhO284gx0BVnBx1A1H-9K9w,gm,478
2026-06-22T13:34:35,UjTKD87iQf92p1cz9ZeKrLhpOoWLQ0C6mJzbHn27w57lSvgiKgx1ESJQiuXFPFiXzEFh5SQc3Dtf3Q,gm,478
2026-06-22T13:34:35,8Bwp3GMIRht7ur2Uo_5NFIcKPipO220NI5koJMd3OfX5GqCg9UiNKagTTYkNqXdn87j1Sq0EqEBTXQ,gm,478
2026-06-22T13:34:35,x-gxMPXm_kCZj1bncw4SiGsKbxvf5qmKpetmjG1m01iuGINGOcm26QlZqBlZ0sgmDaNpe6EJkqeqTw,gm,475
2026-06-22T13:34:35,gYIP56l8Jrsrh9jO-XCJM8Ncad5GyRZLEYxhy5Co8hIUbDU7LODrET2qXyjthVkiRYX9HIuJHOBPYA,gm,473
2026-06-22T13:34:35,fXNQgC8UIMkq4nNXmcZpmy13XJJgTx5HSKQmb65aDVi1nqqtlrTwDRKJzfiMo3W2b_4sZ1VvzS7RyA,gm,470
2026-06-22T13:34:35,5DSsBWUSlKZAi1FNsQfW8TAOAQYpQH7geSLS4HLkCOaIwwdO-982gfuglrQD_vIw8JVvcDX21FKJBA,gm,470
2026-06-22T13:34:35,f6fdswh4TIWdgLNkYM7KUBPxY06BeDEJeSQs0rsqvsF8bmFwKT16MI7b9cig5Y1saCBODmvG_MMyIw,gm,470
2026-06-22T13:34:35,xtQ0z98yg0oHNKOGVhFzqoEYEvpH4iamqvRqbGI-BNgKz6guRayExydlaXMBiHIL983kxEk0-OAWNw,gm,469
2026-06-22T13:34:35,kuZtYsDOrsVkqRmLutVIpws3bHWhy6RR-hhWtPeK2AuUUzMRDwIf1qoc-LDEj8PJIdtIJQ4gxKtoVA,gm,469
2026-06-22T13:34:35,P8K9Y5PfJFCB3TvhWC6KDBqxsS9qa7EyNRkrLz_cTVjCdlRjG0qWqkx2qz6mLKur33PYqpwCoNssjA,gm,469
2026-06-22T13:34:35,mgWmjJeRn29GxGK9CxYgnXLWKvZzKIjoPVQ5RFFG9VBYVWgglFMWGstiWUSiikWYKLcZkf87Yg0mcg,gm,466
2026-06-22T13:34:35,VzLk5eR6zh7kzd1QD5KRHjFO3Io0zkFWym-118oMwOTrox0TzXxCVQNEAnYdC4KVhKYBp0yQgEeAIw,gm,466
2026-06-22T13:34:35,hu5K6J3m6cbBwAKdE9ArHy2_nEOdNXEoU3cuFB9Yg41Ls71NAidPdFjT_I6-jSkINMDp9my6tfC47w,gm,461
2026-06-22T13:34:35,oGVuHtlWEKSjADnBOdm-COTsNP0ODEFesAjG-ALtVJauVjFtrSEr28d2H0TUA5ky8wN30bjYnUG2FQ,gm,460
2026-06-22T13:34:35,lUKV1fw-Ks-ng8OdRAQpZ-htgAjgsH1H-hd3areYns4WWUEOSZvai-RnCpqL3ZyCA7GTrE2TC8mcjA,gm,459
2026-06-22T13:34:35,APJVsMG0A65jdZ-Pz8tdIrqOidVaBY8VTSeBPMAYz_qpOGhGOUUTxArYHuadwQUBghsAWMJPYXaZSw,gm,458
2026-06-22T13:34:35,yDbUwdUGMCL8E8RGRwhlOqldwzN35CQ7ZmQjN4SPmb4YR2vpnN4i3vJ7GRMObXtXCK1tOCiNGGCd2A,gm,458
2026-06-22T13:34:35,wkvf9NkFXTn9mrkGAB1de2v5SNFNFf7-5kifm0IG5wrMoJx9K1F8BYHj-ep_GDU3qAtJfIdqL3-eCQ,gm,458
2026-06-22T13:34:35,Y0mQbwGkdWftwnbcYesyZdfkG7caMjOKw2w4-dDIALApIHNKjjIKSygPWq5-IwrnSomPP-lZ68kt6w,gm,458
2026-06-22T13:34:35,9xphTWCN26vcA8lvZDAbo3uKkq__JFAw5nJegkcxxXbAWEfx9V0Df7ivJ_gzp9F8BRSKXXxRaFO4Dw,gm,456
2026-06-22T13:34:35,OeuU2_CIfn1neg2VSEiHwGpZLgm0-us9D9bCodtNT99ZeveXA91vLewWhdn_GxwVHuHA8qPurtVEIA,gm,454
2026-06-22T13:34:35,e5ImMPsysf8UgS8iI6jmOasvX7oBzBCVIa2MSy9D37NbMOGX1Cb7HjJFxrd-z6ecM6OiLy76w4kD9w,gm,454
2026-06-22T13:34:35,O1whcWTdF4Y35wojwiz1TovsM1xBwjv8hWHgd7zZi-mjyLAQef1Asv-KVfnmgfCuur7pI-qt67gQ1w,gm,453
2026-06-22T13:34:35,8dWCo57htRF6WpjI72Q5v7OxZjCnpoLzcJy7isDOY6_K5r1fKLe775wgBbnD2RKePHOn78rofwh2kg,gm,450
2026-06-22T13:34:35,zuWm_GLZcDpaOcZwF9UG1yZYMEL1SirT_lco7iNE6fqfZ1xQIfTwU2xMUOhwe5wxMR_88GO-pEZ2sQ,gm,449
2026-06-22T13:34:35,p1PXLuXoNGN2q3_A-fHF0QWyvV4Qz-eeEAnm9wB-UO8QicCPogzDtO7xm_UMLAP3iiGrp48heCvvjQ,gm,449
2026-06-22T13:34:35,B5ZfDFVENg8JnvRioYx3u2Ytjm9043WEWgQ7OyBmpYeAkqpeBZePh1OytD11aTYuWCFlljmCHNco5Q,gm,444
2026-06-22T13:34:35,kg348TaVP3QiQc3s4fCRTKvrFpAR5inN4idlTsWIEL2aZIkYSUgxWS87g-J3ARMAmlDjd1WS49W3RA,gm,443
2026-06-22T13:34:35,MExbztaUQXhMm9elh_MzHepK9gzuZ6uxf6Bymtu3jju--rLbgwg72IRn70NH_I9mprFMi0jkLN3_LQ,gm,443
2026-06-22T13:34:35,MBJi4DE4wN0xfBSTqa4BtFdzSEfkt7-8LIwQBe4zfVDws77EhyriSKjjOE5ZWUBHC48KEkMaPZGeBA,gm,440
2026-06-22T13:34:35,w63XUkCVwuM2FtIOk9lP_-2QDU-oGvAhg73qgs0FXj3CcRz0KEXPo0lYsvMYyEYt4eNzxrHx0MlnSw,gm,439
2026-06-22T13:34:35,gpIOx5TyvW8fVTlfRopFDI4b34Of4pTVt2hBAdzaSixUQ2EST0qX6WtDV-zp8wVZFEd4dq1HLUEDuQ,gm,438
2026-06-22T13:34:35,eWh1UMs8stQ_nVQd6sW5hR4jKQwy8Ga9Gc_T0qs4kL5IDhVYN95CatR4jp4HkYebLLKWScihy5y1rA,gm,438
2026-06-22T13:34:35,nBmKrF8OQQnGqtuwioX4-287HkLvOaKhhzsviVMijqPj2bsN8l_lamjoJ2iRYdYKBjpTaOZPnHXirw,gm,437
2026-06-22T13:34:35,dMaOC8HXMBHRL0Cp-rfamFJKnmlOTvrr43hF7pBivpzgxAzQaBfmLhRlLtt-0GAQdnEx2zfRUOOWYA,gm,437
2026-06-22T13:34:35,FvcC0WMd8oNIqRUbCa3bGjp_nczpaXOUzfo5V7QqFxhFEupPaxqgDdZ19eZ34qTG5g-dV1aqklf1gg,gm,435
2026-06-22T13:34:35,7C_lMbck1RVDteaaXOiWvzyvzH-2rVtyD0geGmDXRl-LbywfRVK64kdjhHQpGyWV_m-CdrDuSzlbJg,gm,435
2026-06-22T13:34:35,FsZqL98xgqmvQuO4HGOrn4pcpUE1Hd1GVZLMsiLLPMu7HYCgjgqT1v5tZn0XgdiyEMY1rT0tclP7cQ,gm,434
2026-06-22T13:34:35,Y5dI-PfzOeuNQB2nW6cY_l1oDIlKNaRy-328w9czO70xPBROLa8KDUfT0qYHTegH_BD5BUaDfDLsCQ,gm,434
2026-06-22T13:34:35,geYwS03Bc_oUrX7_E2dDvu0Gjs43GpjPe9Ypn7cAUkwpc480kwn7y4aFq3ntuwt6W1ZaN8s04TqTlg,gm,434
2026-06-22T13:34:35,GQpS0KkmaOh5BPpPTdF7DNoTntLTbVonwlyPb-9fSA-2wLaV4DRCJITTduJH2Oce_PczEkYeyYFSxw,gm,433
2026-06-22T13:34:35,uBhCJO0CH2n7Wm4lYXlxLHk2zLMSK4M0p--9e-QWnYaQX9EWPPSWecIA7ypvFDQKbSGZ8IQzdxGnzQ,gm,431
2026-06-22T13:34:35,qq7bz6mtAjttctiRiE5Xbu9scMvVK1OSSo8pOmjatDXjiUechM2bX_5vxhgUvd2zF9ReYF-NLRtKJw,gm,428
2026-06-22T13:34:35,hwCCNftMH89QEXJNge3DoVrNiKlCdABt9oTmHDbW4UDBNe6wCJw1sWQKnoT5cSHTJwwc-f_ub2MnNw,gm,428
2026-06-22T13:34:35,3hDp3tDZj7i9_19pjl7mAaexshIMekXCUktWge6GrMd6_8lMlw4x4kawI2QEsiLB3gSQRdOvlokrkQ,gm,427
2026-06-22T13:34:35,faH-52wKS9dQKCtBnsD288rsAqaratL8l62nBrV5TBGzCIbgk25exKBDzwu8L08mbTW0jkP2RZxK_g,gm,427
2026-06-22T13:34:35,Vvv7xRNxk3Ckg6u_-fnKDWDozVGO567iuzSsg69pbb92L3wSyTmM4dRhhRLteJrGe0r7xAOyeC7DJQ,gm,427
2026-06-22T13:34:35,vSfk3CXUZNXPq4zrcluuHski2n6DWHNrjIVv1C15SzjlZhCj0nd85FqMPQjIZVqNdzG_Ge-J-ssFxA,gm,425
2026-06-22T13:34:35,_vC1oUlhb5nHP3_J7AQxhlX6g8MshgZrAmLttClTZG35wj6_UnB5K-pVTSvgEvJZSb8QHp30yNf_pQ,gm,424
2026-06-22T13:34:35,byZVADYccGV1mY3orApF-jdn9Dz2ASVOOStJijvf9Bpv1bPdgePoJ6iGI7wyCBm5_atRKbNG56jMdg,gm,424
2026-06-22T13:34:35,p7Z7uDmm1pKMEJHdAGwbtxcWw0IOzgwmWXa76zCDiMJrp5U-3sIpyBMgWebGKQ6h9uDrD-oPGeNXSg,gm,423
2026-06-22T13:34:35,iCTNTUMNBnqHWWdqULJYWGHYMmz96cPg0n75V2aJjLBHjOUxO1ls8l1Ie3wsTDLwOEP3TcqB65PXbg,gm,423
2026-06-22T13:34:35,z6apofVGbJLfaoy3NS47-tE-V6a7H6wJ-RkDMkKrlPrgbwVBJd_HV5MUT6xg_5sz7jmyucIb68_LPA,gm,423
2026-06-22T13:34:35,Nu75KtFki5ryj7L5NMDfIrPmpopHTrM9i1yd38O470JeD3RJ4cFZxP5hhHwB8KM1_SXEeKDVidDLzQ,gm,423
2026-06-22T13:34:35,Y98yLEMMyhRd6YnmU0N0m4f3LT3LA9sATyEfxtPzmZzuVWOF_Fe-_YE0FLRZsNmNoiO67J8JgPfHLw,gm,423
2026-06-22T13:34:35,44hY_lru9J2uWZFMdsJ5zxL6A9AKl1LUBgTV8s3bQYF6-I7FasLC7GSA-dONSaDqokdTpA9N2i0_Wg,gm,422
2026-06-22T13:34:35,Kg0PwCb2ERASCreYwhIHmodPFnysVKQLJuSlcnLLDE20RwGjmI6UF3RrCHfUQimHteJcNWNiSjSgwQ,gm,421
2026-06-22T13:34:35,cEkOfHdBdW_62W6Ey5O5gOIBVgJ-meKlZyC7iDlVXIzwy6NJeZJfHrPl8WJMUMC0mEcJd9HuUZ_vAw,gm,421
2026-06-22T13:34:35,SNwA0w8PS2qVVKEedhzSj0Ubokj7f3PoCAVyORVImobOg5VFd7p5U8XFY9fuXdr-9V5cFsTdS8kiEA,gm,421
2026-06-22T13:34:35,t1z98joTm8eCSOGckPUiDYX8HhzK8s7Ehy-YrAoLCASR6Gt7fO42S8E5xaEuWD6bUCOsQgyOg1xnHA,gm,419
2026-06-22T13:34:35,MiAj514-eB25nVYjyeE8_WAi2yGPrwY1J73emhTXt5ln2q1gV7tf2WaflWKlJ_8Yu-ZfmbpQJvK5uA,gm,417
2026-06-22T13:34:35,NeLvFY4QC0279cUxlA_My3dATVmmloYaahhccZQ2qBptypqzxeHLDurUw6GM4W0n40zTUHldJjZXbA,gm,417
2026-06-22T13:34:35,u08bnh1tKNQXFahiSR4qL7N0Vt-zNCDSugtm6HAEzvj5wZ7jEQmrg1VfwLeAm4thv-bpY_f05srg2w,gm,415
2026-06-22T13:34:35,raSdESlVQ3O2FqxfhdKWNV5ozg60UxAgVerE4DcY06I5CJgOa5oXQ2AM68eicRq7HFTappcGpwOpKA,gm,415
2026-06-22T13:34:35,9kYDuyNRyU1SBxdNw8M7cy0UQ25xF4kWiALvgiEZQ78p8Mtz5EHPuLS3DVfozERS45w9a3K6zJ-Heg,gm,415
2026-06-22T13:34:35,gdj79r2A5r7oRhaS0M-giDkivmJzIGb4tjZEYT8AHLf0UNpqj_scnFuPoOqbB2ElwP7yeBKfrQdXkA,gm,415
2026-06-22T13:34:35,v4amGfKgDf7G6-m72azZaPm1BcrfVSFIYrQRUERAN7wzj2yOjSlAkhMtjQ_BM_M8QrGCXzK50egZdQ,gm,414
2026-06-22T13:34:35,QWRWGqeOMS_WGkZFASVMwU5v7kunTvnQwGUmm-lN0-qiQ31XBHP__qvaKc2lGzq5zVQPkReVDhUx4w,gm,413
2026-06-22T13:34:35,sXdrJ1y1N38O2tOqvCbwVMeaXfguH2y8Regu9t5tvRZmx5Y6mjC-7vKMOAdmxNRYpE7zlrYbXbF-8A,gm,412
2026-06-22T13:34:35,aC6sXTQVbYk9AenYpoQCUeFU7Vxy7W2M4VFNztHCV4Rqrayxar2KkBSgfxGv1-gZyModmJlxorGt0Q,gm,412
2026-06-22T13:34:35,hSTe6oFM7NhJDJTyQ5HLORatArlbJRWU4vivfe6w7C4oKJ8Do5JsXVvMRLpJnjgZqs6S7lXOkbJ0eg,gm,411
2026-06-22T13:34:35,470qCdcH3ga3v-gwLJ7tBFH1icYYjza1TTciKEHmT5ZZGB59nobTMcl2Aw9UnnRhTy_MOQkZX7q7kw,gm,411
2026-06-22T13:34:35,nzlVMWQ2mXMvnqHM-jrDN0OllnIdVCs_YuOK9qy8dQFmzFRTfLeJlk00z_S6LeadA2WpA4O7hl_5sQ,gm,410
2026-06-22T13:34:35,Czjf-aFZEjo4wSZd1Bu_TZLXtOwuVqkcqj3E7krnAA0oqnkxpCfn6u7CME3t7AHijKd6WqTSiXTyEg,gm,410
2026-06-22T13:34:35,OcJxUn0B0omHt3TZpZCl5C3JiwWgfMWTqnS5pPMoGztsT0r7qMmu9-DobSSsEIDoLiYtqy5vBC5xsg,gm,410
2026-06-22T13:34:35,en0tT6wNRvyj1iaUoOl9fLaosLTpcoYhY6hMtVbeCF5twMMfQW--eg5V5l5ncht5yCIj0-X6kaGCRg,gm,409
2026-06-22T13:34:35,mIXljHqA34eEEAi0-1Al1Gq93XKFKNzLZCuLw5ihkLvJwYIWxIGH_SjbQd8gzUjFcNfwXhzL285DbA,gm,409
2026-06-22T13:34:35,SyHk6b-WkMyVq_bLNgnZr1DBowRA4Q9NMJeVvq_KAqVtCJzkj0yDk9MKjjA-ciz-GQFJ4AodeigP0A,gm,409
2026-06-22T13:34:35,rjGuoFO78iVFZicoTnp0MeXPtKUnm9TcRUTE_-B2WzI_BXlGnyQsvQtvD-RXl-qDMaOS8T9w5v_pqQ,gm,407
2026-06-22T13:34:35,Fjcs4fgkP-7uha9u3JqUaPiGmFfrx8HUZY7WQ1Q-DUJRPXDjek4CwoERjJIJ9bIT64R8f95DcO1ZKQ,gm,407
2026-06-22T13:34:35,UiFaPyRgwstmu6UDbmPDSbBUBUBcOGd_3XXWQUNPhrGVWgXHKU9Z3FhnEnouO26S40f0Gv5RQlFwjQ,gm,407
2026-06-22T13:34:35,qcjimteLWZ8xILxTOrvDdgFIvpgPoq83xEPxsy6h-SfdWFZ0GmPfcUv2hxjIiuTjOq1XDboJQdHO4A,gm,405
2026-06-22T13:34:35,eHE3BRvwu3se4m_xunAjYpCjl1NGJAOc3W0aXpXhLtbC3Yr9yGZMCAFAnbvgT79hWTZVtaluLNAfKA,gm,404
2026-06-22T13:34:35,n1ruF60WLT8N4QHVOFqO6CNvKGyGWP4aY06z1EQXBP7X_liOrTCvFLZjZuh56PWBL1MbXf5Rv3QR8w,gm,404
2026-06-22T13:34:35,BhASN5YPnRnelWoMpoU_p0DR87Y-85aLfCNKaX7UOhgM2o-CgJu6XZ5PVYmxBwHRGjKCOGeDn8l-ig,gm,402
2026-06-22T13:34:35,UCHPtqczcURCNRRFJqPYfRA1gKh_EYrMYqC7WiR5-agB4T7YeSW6q7qmP8iU3ldEvkvcDVnf0027Eg,gm,402
2026-06-22T13:34:35,JZWhiWpAXD8mDK4x7EZztCg8oY_J6Ai8gFDJb8IZ_NtsPmuiDafu7uk1YnhvUyWwzIBjzR635WkJag,gm,401
2026-06-22T13:34:35,1eLPhsZZQEltQbPRNTTf1g41NTDgeYI8B08tdt0IrJmR07GXOwf3YoIzeDAyWGFhu9oC09TQ29XvHQ,gm,401
2026-06-22T13:34:35,LIYsU9KdPNaan1kjvx_oPmbauE0KFNr32VTtkXKb6Xj1WK5Eey2-iBRGnGhs8nb6NHfVWoga62AlPA,gm,400
2026-06-22T13:34:35,_cbcEx5qXhRqSHKrUNwV9KojsF4Yo1T8Ke-6mRPCmvizolzCAgQkoNoBXoZnFQOJ2Lub_znUlF6zsA,gm,398
2026-06-22T13:34:35,Ot6lAfTT8UAbRmhR-nu50LxWH6yI_AXtEol_J1ISxSbqL4fPkyJuHnx3u84Qkel06Hvp9dHgQaS9cw,gm,397
2026-06-22T13:34:35,XTv_0N-yYEJSUvLGdn-ecICrdz6vV4d4UqZAUH0FgQw2As8K7OeQ3wtZGLzMlVpbab0rPngw_c2e1Q,gm,397
2026-06-22T13:34:35,4a_wyg7TUSVxr5x3gHVqtosHevkgVMjBgQFryyPkLXAFgcp02STyoMDW2CMUA5gLR30qq77FPrbozw,gm,396
2026-06-22T13:34:35,1hUcEjAg8C3cif831nYhq1g9EFPoUS4a07uZMIneDN86MZbnQYQboYegVhFLycGaudkIWqnxgJUD_g,gm,396
2026-06-22T13:34:35,Q1IGiC2hB5Sx6KnFqZQ_8EdXjn8Z-L8-BBHLRnxWulahnkLdHiahUi99BQ8rg5wRPYhAnTxCZQQXXQ,gm,396
2026-06-22T13:34:35,PcV0s7KhCCcKd5TbuUtgyCA5dsJco839oRwZKiG1ZGSyD0PfzE0cPsmOP2ZqEHr-SU5GP3wseIogOA,gm,394
2026-06-22T13:34:35,qTN9ziyZXuz_rFG6CHVKlIaBoG5l6KyhF9djCSSuiJvhWDdFgSqdNlN_oeSDqy2xI0Gd_9mta6iz8w,gm,393
2026-06-22T13:34:35,M1IR8UJRjUOrMr2AP1NfT9aDdLEr8dhOfWKGvDH_SAd0cBANE8hfqrouwLvGoSSmovlMqP3Zs0ZzdA,gm,393
2026-06-22T13:34:35,5tRUFQuwyI_2aJyltX7ZgKD5nBATiqznPOFlYsnJdmd4f66PoKNKazlWieFGNUxlppbmeBssVhGsUg,gm,392
2026-06-22T13:34:35,CQ3Pg2qGOxZ69obrP42oUz7nM81GwI53c3T0FxXSQDa_2YCngPhOB15sML2a3WZa2XWIX45I06lMzA,gm,392
2026-06-22T13:34:35,UVotRrNTn4xWXzyUV70XKqdiAjn1XMD5DoxPD2qLx9HYYBxUV7gXWeQIZ10OToprFp_Vy1EszDh7tg,gm,391
2026-06-22T13:34:35,WwFl_YgduozWcoKOlnCYz-HQuEeKpF1aoc3Kguowgk8pZzvzmKPiKFA-o3Ip7KHF2xeQW4nCmL5_4g,gm,390
2026-06-22T13:34:35,rBw6CW-FIT84-dDxIpZ-4Sx2HNw9_rCAcZz2O_aBoGQquOSm0k3Em7E9hJ_rapVWcO380ccVS6_I6g,gm,390
2026-06-22T13:34:35,aqndE22UeBktt0K3_bT6azaes69-TH1vy83ztpLIKYSr86MUfb1NfEwGPu5b12HHQz6p4aqGtxLfmQ,gm,390
2026-06-22T13:34:35,DWhdT-TLlGTPR2Tg351xf5GGhjcmfyX8UuGoTUwiUJfm_XjYekaB39ojivuS8HLwGzUdSk_3Hvh7Uw,gm,390
2026-06-22T13:34:35,jX5jvFYZIXLVhDLnbvU5kWj5UDmThHpO3iGnavSVZdhrspNppMKekHogyJh2P4VabfmS-D00jumG2g,gm,390
2026-06-22T13:34:35,FSsJc5CJ5JDIlSnL7x6WLIO3VoSTPCoOePgwP2FXI2k-PjJl-x8YKSwKsZ3OyZ9fn0dD7m4InWFchw,gm,389
2026-06-22T13:34:35,5bxu_gGknrZyS_3bpANiswujcntLXn3cM4nXEuamShVSQOsxBGWlmIKzZqmTISeIyopzogwjlaCEew,gm,388
2026-06-22T13:34:35,o2t-Eu6oXUqtiAzrW4T8AVHksLpeNs7CDB7RqBYNnBwAAKfA9ms4A0PtcWkF4TLrw1AotjjEEXBydQ,gm,387
2026-06-22T13:34:35,cwdzzPbwD457C4Oh9Ie03YQ6bf-oe7bRyYNeyR6N7GoK1zOhHldf88HY2kwcFA02opGYkQSr_2fnsg,gm,387
2026-06-22T13:34:35,XvLZlQnWwRkQVoDU3aD89lgJ5kNMdWDmx9xhTdgUq6vIhYsYbBGEXDKliUsGO_3jU37t75pFv0WwrQ,gm,386
2026-06-22T13:34:35,vyp18qdeFqI39i5H03UKmdvwAYbrdl8xv2gz80VJk93XdFoCDV-rL_maWfGOOw_0UtER4Nh4jmPh_A,gm,385
2026-06-22T13:34:35,aCw92hOcUczfcHylXkG2qBzvvY95Y1c6FYeb_q63vYXF1BhMGzFeRO7m2NZWnHjzU6XSEJ8LC3z8Lw,gm,385
2026-06-22T13:34:35,KlooS17zVz57gXO9yTXgTVjlEY14oxlWvbHi873xs9VaunX9GkLrLqLxUntz4Ke2n-CXGv_WYhqLOg,gm,384
2026-06-22T13:34:35,h8vhF0TTWnAGjKzi_JVEG_TcpW7PnwDjyQ3fFh4Dtgex4x3npuvAHiQPayxuaFeo1xt9YtHBhsna_A,gm,384
2026-06-22T13:34:35,dnmfbDoJp0bYpmXO4f4xwEtm7nFNwTTeybmNXkrn-ups2jTU8Oakjn_O2umY2vXoZ8NCe2jmooSTqA,gm,383
2026-06-22T13:34:35,5-wEWjJ6jOTrMPB9s11o21mQawXFHwrg0_DR_DArRpWfjjlBPeIbF6rz2Q0qOfDxf8HeHpe_o08X-Q,gm,383
2026-06-22T13:34:35,FTHCJopDMwK58rw59eBILIXScuTet0G3pFwF7b5nxffRDQ5OjPQbmDmfo2-sqALiR0lU5ZbMOtLFgw,gm,382
2026-06-22T13:34:35,M6zijKm3SEz9hMoT4IO7bUgYTVDEmn7mXQZDHHk2x2hn1MoLRZVaMqJMkEBVcCbhx9z2nwoPSxjceA,gm,382
2026-06-22T13:34:35,OzKYlIX0InPGbXt8cRIpaq-kbxmPTkH4oZGi0-bzA0EYu0SY4xgFBjOjprBrY6R1lYRa6j4e-eeDKA,gm,381
2026-06-22T13:34:35,mWvXW0uVbTSaQtUYiIkTzoQKLliQF14ST7Rc6G0LQ9UIS29Mdd5hwoJ-YRIy16km0QI57CTwY3hlnw,gm,378
2026-06-22T13:34:35,uhMHLSI4njbsojsVUqDu9JvXD2oCXzPKk_pZvye8TD_Z3tXK02XXRsw6Vj6u4QI2j7dYEFzI39_aMQ,gm,377
2026-06-22T13:34:35,fqgK0yzDBG0ekr5FbSu5UGDaWeowlstW7MZOUC6nVgaMtj9AHcwwgV_44Ast8qug2IXli0LbG0oi8w,gm,376
2026-06-22T13:34:35,jB3VFva6dzbxG-aN3_7E6iC625Xb39mMG8XGbqhV8HtAiwvjkFx9aENmDbHo3w7uyZu3mWl-DfwTyA,gm,376
2026-06-22T13:34:35,zcpUrXeDNS1AJz2fwHwGM4y-nOC55Pa3CgSbVZKOrmzaU4R9-8jSPFq_zfEPDdcJV6SSEqFitDyRHQ,gm,375
2026-06-22T13:34:35,F4h-atn3xkgc7oteJY6w2ali2VhyMoLRT78xwybmhPkhfbluWrDHENC2tuweF7vUCktkp7p-dhuWuQ,gm,373
2026-06-22T13:34:35,oUVmLAbGx4ws2FBOKST8zGvKS16-dw98H0u9Er9Bwm_z2jxAZTdDZVym59j5kLWgqkFqG78e1eqwWw,gm,372
2026-06-22T13:34:35,6eF6CD95DRK7Acz2uDZLS2ixe4Yd9LdNqFWteDLcXnrMcxHgSuRq1L4r_LKwKDoXr-IjwUZMbUx_JA,gm,371
2026-06-22T13:34:35,SsP5Om2V96ZrS3hwXu9VVXxe6IgvELKNl493dxmt-RhcJ6xrxxHEwpIG3RZVt7-8fSOZ68QCfuxFsQ,gm,371
2026-06-22T13:34:35,uI99iMTJaJqsREBfI3HC17fqpv97wd_KuyMCdDAsKkx6R0gyPPtZyvUjOju-nIHfMcLglKNZ9-K1uw,gm,370
2026-06-22T13:34:35,KLF0C2m6rsMKQWDbVYnicFe8NDtKUb-4tAB4fTqLRp3qku-iXbhZkQ8EmC1wt6Pc50udMbFnE77mEg,gm,370
2026-06-22T13:34:35,aQH9OxizJ9rRYTssMLA8i6RyQALHMYYgnKkUDp65ZYQJpQEWgCM2XxQ1zxdNx3iGgFAz-LsO83G34Q,gm,369
2026-06-22T13:34:35,Z1bNYtNxgCdFD_7h5Bld4oPmgahwUheH_4lyZtxOQQyrwjJ5imBVIszXLwT3MlWCR47oFaz70sFNWA,gm,369
2026-06-22T13:34:35,XCX0uIdn99ORn2XzxxcugyCELDWIQmLp5sOIZb5qTUPoOYKFgSAqs7MwySWP-4jA_n4yvGXbUMtyFw,gm,369
2026-06-22T13:34:35,uBCTn3wYGYJwCiRdAfc18vAR6azPvgKG7AKkmRp8gTTOSigVJKUsJnc9aXZWW2wE9lvrNZCOoS0DEg,gm,368
2026-06-22T13:34:35,xFW1UWCEC4ySaMpuXJAZ51fFfdmHb-GIE5mhsPYmgVvVJ2zqJCCF_T3RX3U5XW35cUgNoor1BpB4CQ,gm,367
2026-06-22T13:34:35,D8MqbSqbHpyRthszWNL1TS9qx5qsnkLrnJqse7-A_LtnNIVOeq7zMndJkJdvLPNmqZv-xDBKlpc7Gg,gm,367
2026-06-22T13:34:35,MhIg9Y13cDJlHG9PAPWRQNL9d2MG6GrMO8m1VT82Oyj1QGF4TjyD0IFf-UNLKvHTQfYlWoW3_BsOBQ,gm,367
2026-06-22T13:34:35,8FBkxyzWVZ75NNWgK7t1L6T6_eC90KbKBpFcjaDeiE1HDkVXP56t-QI4XqQ8fzl1FOGTKEpjXLNIGA,gm,366
2026-06-22T13:34:35,x4b_PDfkE-jhT96pK_n59rWOldrPrnpbHevXfi0GQnyV7xkM35jKAk_2Mm2nViocIImoaxSXsZQZcw,gm,366
2026-06-22T13:34:35,bPwbDVjIxGOqUqSdm9KyOrcxgBMBi5UvnvLwjacWjjhHvIAAmEllcNebLhFUwQGFx11J_bi5u_5JVQ,gm,365
2026-06-22T13:34:35,tL6qKnylWX4wN36oP7zjTwvUwotWvMPK9TPxE4O877OYvemmKz4RqXSgeCNS69caFVa4GgiNfaFvdg,gm,365
2026-06-22T13:34:35,oQPcrGIAsBJ48yNVo6G1T04f02U_xTRfW8gl7S_FBh3jN95lLW1AxXlHdrgDNlBHbC2iozHCxoSGLg,gm,365
2026-06-22T13:34:35,cX3uD3BBrEbxBJjdb_lnnkY9zwhzDpmT90nEgMlmugtQpQWjTMqwYKgUA0sXN36D1UxoMnwIH48dbg,gm,365
2026-06-22T13:34:35,_4rxvu92AOQLYJmFhW-kniqC3UrEOVCcXdsRYq7QVyAK3vg9QP73iRmJXYOzjY_udX0VJf45tvya7w,gm,365
2026-06-22T13:34:35,vO9guJ5DBiTqMFJh3Sl-yyHLdgM1GrEEGAn8sq9n4XeO1nhzUa1HsAuLkskkkzyXz1zm1pc2ZX5t9w,gm,364
2026-06-22T13:34:35,c4oIQeDAzRa7mdMKJ0wtAUlcEU4WwLsk7IKME3mrTepskgOOI6c7NcnaSByfWoavr5iaujZeF1fQHQ,gm,364
2026-06-22T13:34:35,XTnTA4fBAH-Oa9yXG1bNhfWAGyU9KT4cLPvsgAOtudO56DLxryNZxuiyYd-iHF4C5xDohazOkDb06g,gm,364
2026-06-22T13:34:35,lesIPaOEaEyKC6zd5-x8tRZavu5k2RukCyA5pyTIPlZFMTkqFP5KC2qGvfGFBkRZUuve1aQCbewMyA,gm,364
2026-06-22T13:34:35,AhqA1xI9g1ZoASHdbrYfzr1O0Pi-aS2Jpiwu4oA_YzWaVPSOqGdVEP-0axXevvOiAf86KdCQlFok3g,gm,363
2026-06-22T13:34:35,1OVs4Igq5ZR-OvI8LIfjHyCrDjZINO24-Xkjoqz9IwJc-SCyKwBYArX22YPa5mHZyhr0BinwreLkJw,gm,362
2026-06-22T13:34:35,XEOGRAY13fcrg2Gj2ZcvdesK2hZmqw1shZyXvHBH6d99RF8Yu8t_-7dd0zd5WkUE9-OjtpXAIgrcPA,gm,361
2026-06-22T13:34:35,xyTY1t-6dQudtOf9zLLqS6IRUwgnmGT0JLFG8QKAM_bO07vQnEHVPDu9LUzM3fJZ4FuQT-z02GQnfA,gm,361
2026-06-22T13:34:35,a0_3ULemtRpF65_42V-zVoADpa3RDWP4IWKisimQawUCSzpQO6XLDHiWGa2OpYJaK-VZUrHiZpJ15w,gm,361
2026-06-22T13:34:35,pgGLnBR67HdqZU2VwV7V7BsaZvLCpqOnlS4mf0d5JMKtdnQh0LPtlCtlYQnV9Uih9K2rRAtIcyewFA,gm,361
2026-06-22T13:34:35,RjtOicPBMRTiPTCZ8mmTBn4UVufIvGFlmvZS1twnRHWPJ5BIVoF0wV2VQyPyy0ywqV62Az7Ak19_Zg,gm,361
2026-06-22T13:34:35,h02XjWtg-vr5_vuwphK0YbdWnq1MwCcuyWtvMljEfcnLU--5hfrT8KtGwRn5MDa-ub-6Cm105TTHlA,gm,361
2026-06-22T13:34:35,nXhfCV6zpeP5oawf09fsOTyxcUuCqbz5zbIPem_L5DTS3BVcd4fN8-wgEMw4OQLeJMeaz-DdSXM6Cw,gm,361
2026-06-22T13:34:35,g0ICkFOCYomaQGjkfppv5EeORcn89twXXRPZJF0vntFeDIIYw0k5EvTOdMN7ltrhs8d_zthLyIokEw,gm,360
2026-06-22T13:34:35,Qw5t6oTUOQLK9bcVjYn2RtbxZKL2pAN-0EnelKEk9wlNjiZkI_mgbDJlXaF5gmoYkum0rdZ1WFoh3g,gm,360
2026-06-22T13:34:35,Si18jkSdAbCpCskHFuyYPUUIS0NH6o5A2ZTzjaLaWFpW0oM2n3i4S03XGT0kGUKZ9MDs8RDX-CBUxQ,gm,360
2026-06-22T13:34:35,bfE0ci1cqY5acC06qZAbUYK_A61ImCIinO59BrGrFAPDcCJbaREKQmi-ZEsmyRByistd93yMqzcBpQ,gm,360
2026-06-22T13:34:35,0-Ra0Xefcc-JbICubDTSI6YcEqkCeCEnAlHI64gV9fevJEllQa6bT6nDfkA-LnYHCLjecn-dgJNWEA,gm,358
2026-06-22T13:34:35,vNZ97f33XOT5uzPimrrD93MpiGWLJ6roZkOXpMQBIM93ghx-M13M1nJJAmZtj1nZjCEmq1e_UP2O9A,gm,358
2026-06-22T13:34:35,xUIG9IwD9HR5xUzk-NFAIZmLh9lYY43aeqN1GTViHBRNMimtMnOGPMeB8-ea64e_7h733dVfdn09tg,gm,358
2026-06-22T13:34:35,_D2pqZFJYjLtonLblOiDvIgELqg0AMBC5ODTUdm5gTBfyhiu1t_b_1x7braQ2NQnCdNDBgoIXvUqsw,gm,358
2026-06-22T13:34:35,Z_mfB3GSsNWbCDwXPbjQa4VDevth9fjCxU2N5Aj5_viNo8r_9LuAi3yR5Xqzt6zjYmYVE-jVOXbqdw,gm,357
2026-06-22T13:34:35,M14Bgmackc3Wp7e45GS1pNUTzQwPYMIqJfaIQg1I_ExPwgm6nIC5ExQMVZKKpCc8_nwYBH4-GYEmiw,gm,357
2026-06-22T13:34:35,zTukTfh0vIXdq1WAcyCRKDrkCR5eRLYQ74wim5rv3WkdrN14nMNN5uO8g08Lulpru4PvJrHp4R_uPQ,gm,357
2026-06-22T13:34:35,SX03VMytf125h4BmzaEEcYqm1CVPIoIiRacYa2vNU-5aImZjh4xEOQk4B_ADo9IP1qnhFZJCRU0TqA,gm,356
2026-06-22T13:34:35,sMtl2I_pqGMFpIOf1FId-EQwpB50ai278-U3q-IlwtJNifu8vlqwWg42vedDd8QqoMlW653boBqrPQ,gm,355
2026-06-22T13:34:35,pwCTC1w3XbzaskJImLrClo6yi00EEKL-7-SkYrIf3H8nUCQ4ozZiDcSmCTi_lCcDrSiyWg9u-q2RHQ,gm,355
2026-06-22T13:34:35,7yg-f3g9CtcFfBUjDhGxWB2J-xEVt-MiTgMvZ9EuGyarZzeFcOZOm2mGg-8eS-2cjrwwxUiERgxwXQ,gm,355
2026-06-22T13:34:35,U8CUq49bb6HvhC1zT5pTPSacx9JRIVMJWGZ5M70VuxXFjVacxFelenHHRtDtIaDXpaPAym3z4a791Q,gm,354
2026-06-22T13:34:35,8DW9Rd8Zd_fFzgtpKzM_EM7ruC-lB9KwTRQ0us-1zHv-ZOaqOXjxIuj8HRkABPnYaGzVKwi1gM5f3Q,gm,354
2026-06-22T13:34:35,Lr6mDsnLGa_qqRFe0iPJHEoiKh0odtnAcwOerP55dovcNRuIztp-OoIcB3J81mFLvRBrvVL6sh_JlA,gm,354
2026-06-22T13:34:35,Qugu8Oc2yIwXuADGJHQqFBGK_fVLeJTRMl4MmImm3Xob02uMA5dlhETdnwGuqIOTXQkpHXATIpBmLA,gm,353
2026-06-22T13:34:35,-LjfiUBgOVfP3q-eJtfyyl_MCiGeW9RqyDVcA_tWu3SmIYZyIK8jgWhWDzfQK0rOMlZO7ugX7Jfrvw,gm,353
2026-06-22T13:34:35,jBMSEzwFeWooFweYG3ApF8HsuYl3rbJJYuLCBXEjl_F9psnxpRY9-dgzCv_O8TE-GgJkGk0IABTamQ,gm,353
2026-06-22T13:34:35,UyPiJxKRI1zENBK9FAxEFu3DOjf-xv6_iCCa_PdOc-_cX_fgr-wcychBNk9HVUjhYK3Mtiav4tLyNg,gm,353
2026-06-22T13:34:35,nz2KrmQlq7uT9FDUxggoc14Voe8GT39W978SQLO_CQzIlgsFu5VOeR5ja2vpATRAqG63EbXW2h8Qzw,gm,353
2026-06-22T13:34:35,sqxJ3BulQ-PF5AC3n9KXyGpMyqzuSvWWZk4IDYjlvKxZpkF7Rcil9CpHbkDawqyUdCGsKa2Vn3jSMQ,gm,352
2026-06-22T13:34:35,dNCB4pg1NUa9mEjX8Fn5Te1t6E58GygDBTA__kIsSd0FkvUnkfbl9GOWbaCvBEifxX5Jxwuymr0J6g,gm,352
2026-06-22T13:34:35,K_QhmaSvAbDYefW5fD9-5i09bZ0LudQPmh7Ru73vi1Lo5de8ziPn3NO-yE1zUftwZ4x53HdDtJSC4Q,gm,351
2026-06-22T13:34:35,enu4uJuAv6hI_2lHyzPDaP9x1CsAg9P5znpwluVqBuOpFjAUFA3gQOwhSrPKa8rQ3W5BIsbcXON23Q,gm,351
2026-06-22T13:34:35,X91WkAgutYSMpuFunyDoM0k1sahmWdXQgBQqMFu627GtfbvZuf3g3HOzR_f4Auc9kPe_BUZJuDsqbg,gm,350
2026-06-22T13:34:35,AP9VhWkxdjSZ1KT1dECX5Ty8qUHLhwZ6t_bCjnfeD6qFeCu9T16SCqyWyxX3PjPDj4PIj3gxBp9rqA,gm,349
2026-06-22T13:34:35,q0tMM3m8W2a3waRBghtGcN0S8J66Tsz4phS1ClSFRP4gzMs-CwBc4Wu5jqX7YZhRsbXGgQ0cqP4YFw,gm,349
2026-06-22T13:34:35,nEg7kURBY4n5JTItEXDmU7E7UskEr0XCmg7tBMgIkGBXivOcs5lFCHukam0WWd5AJTxApe1HumHnag,gm,349
2026-06-22T13:34:35,y8oN_uzUtjfeaT6_Q3eHvn7jVjCXqJ-Ykv7SNM-8vW1CMv3XTX3VOh0Zhnhzj1J3J95blD40eSBN4Q,gm,348
2026-06-22T13:34:35,sxqglwQWRRAVqx2cFPdg8unsrgMYjTbwWdD64dwyB4TZ0O8jLLstLIMWAOJPbiVTDzt7NFghpdUVUg,gm,348
2026-06-22T13:34:35,in3KiI5hrYI3FPBcToAGEhaoq3ovF2BdOKtStlSfVnZurfgy5aW1v_MmpYWSgdr5ZDyBkePbnaOVDg,gm,348
2026-06-22T13:34:35,ai_7hd1YxvsAFvCNcDau3vSN9-rskJ6tnQrVW2dMgRT-km1XO1IHHLExAi05Fe487-Yli31LzZuo7A,gm,348
2026-06-22T13:34:35,qWvCFi2k3pr0uSb788hfurbn7yeG6W417mubYacC18x5C1feXbVlb26nNIworu-V2SyAmkdCNGouKA,gm,347
2026-06-22T13:34:35,9i05zG4HFvzTdcaojck5M8D-OH_UDOi-zXxOoVvfN9hU3Ok6LOwydVyiqersoK4HAKZJf9_OU57cQA,gm,347
2026-06-22T13:34:35,begEKUNYYYKIkmrvLkFmu0Ip2TJLuAtrbWByoz6UKu1SXFFT_b_caEQMXv0r7ytdj_NGfFmdxduxTA,gm,346
2026-06-22T13:34:35,5Nz_vJKlIo5HK3upCUm_KqilMZjpauGnSf5-xAfDWXh1v6EwnSr4pM9JUJbnPGVigLPr5_Nf2NNPsw,gm,344
2026-06-22T13:34:35,qdmFhHboo9QE_WFetXVb7msAPHQsFhX8kWqlzCW82KRSaIFCRLr2yV4WjtwYzxqi2qNpPIDYXYxSgQ,gm,343
2026-06-22T13:34:35,bRUm6oucJttgez8BD37M9ZpxovHDAE6TCQYghEahCPyXQEyrntKYLuKM8wJfS-QSqamUOmHdsHZlyQ,gm,343
2026-06-22T13:34:35,-qRorVt_0SCbsYJTMRZWCICuwFCM-R9osB9XIAGUqZHgxW5-VB1x3SGfQlf8QWY11xBJwqhBRefSBQ,gm,342
2026-06-22T13:34:35,lDN0s3IWMStd9abfLsW-bxYPh0w9KeogAEgDBGmsWvOXCF1MgJpAbOpADhi4aPJ403ljeqNzGJ4dRg,gm,342
2026-06-22T13:34:35,6j_7f88GNQyNCmuawJNaTzxQq27Ahla_8C8oxp6NjobuteesbplddGGeP316ix004GNpmFs1NrQEcg,gm,342
2026-06-22T13:34:35,28DkUXiJjKEaxKwzDBPjEd22heH2b5IknMIGvtbzGSxGnoFiD6ZyVVL5KSNLdaSRg_3cSSvX7pq-bw,gm,342
2026-06-22T13:34:35,THcyU3eDFsddfOnGcOYoSzN1sC8x5N_nd3PQNxmqc7s0xoC1ambwOr4A0yWwVUYHk_8BKp4ke6tplQ,gm,341
2026-06-22T13:34:35,XSXA0lT2fqE1dFw3oWzBzCacJFX0tQdWEWuJtXzZEGW4vpTXjWSlY2s5kjNkwKxWTAJydumYMsCR3Q,gm,340
2026-06-22T13:34:35,KWaynEQXMKq_DV7xHaK5g5yZ6ax_5Md8JlkykiJ23ecEbWd3n1-8PZA7OSVY3VOk-mbGzmTN1AXBNw,gm,340
2026-06-22T13:34:35,9u-sS9iYJlNMFXsQpYzllYHmoXVpZF7vuFw-De0I9GcWWIE30MKQ_ktwlu0CxC4i5Rey1yR-9HLj1Q,gm,340
2026-06-22T13:34:35,ooEVKzJmDAKQ0jDhFXv_MHGas9MbV0J3Dm_V6YhqwtZWlj2gsBEQze531VQke4hZyw0d21_5TUzdLw,gm,340
2026-06-22T13:34:35,lOIQu07PfrI2OkvCyYfKC34-LnsLlk0tMTqPCde8dLDGqfL6_o8zhNwrlgy52uNrN29HtQxAm_TbwA,gm,339
2026-06-22T13:34:35,1a1uyU7kQcfj9i7UN_c_Z1aTN6NmRZl7_blca90gae5D0debU00HYydAOVk06QUyVHCl9GichJ7EoA,gm,339
2026-06-22T13:34:35,dErNL9FA_h0HBEZmOekoSf6cs6VLGi29MdQdaDIVSyUxNXvhanMewML4Zg8hGheU02QAEP6ZEAoRRA,gm,339
2026-06-22T13:34:35,AWQur0Y3iRf-LQ6Qlug4aFF5Ry1cvF6Tkc_5UkHt3oLC6JNhNB7d8SMEXX8P8_zB18UPBL7muRx0SA,gm,338
2026-06-22T13:34:35,K2z1UW4mr4RfIwdetvfBaNXTGku8EO6x0pitNYCrYmDYZn8avCXDw_yvdD-KUbzPJcdUCmX7lSWZuA,gm,337
2026-06-22T13:34:35,uFGySy00I6MIc1n-xQtxAPmQp2Q7Pdva3iIDtFGnkUaLJStHh9soZnVugopw6Ia9BH3ai3oAuPNN3Q,gm,337
2026-06-22T13:34:35,Jv2pG_IWL5netyaf7xkizD5slLfINcCe-36yUXZiT3wtGNvbgTg-nnxC4UENEDDNFDvyCAD3xYeP_w,gm,336
2026-06-22T13:34:35,ue7tILtXUVFCqGW-TcC1bnBkfWWaZ3aVtahXc7P3kjNHmzg-FN8tzwPbxu0tDC1Wtycrhca9J0PRTA,gm,336
2026-06-22T13:34:35,dvIo7jHos3XdH2aCS2umUkPSMOWGid1OOknAOHcLATfCVjzA6TbWWPpE4GTntzZxxMZD87c-JH064Q,gm,335
2026-06-22T13:34:35,bJqM8WorfywTxEsirL_daAqX_dC0TxzXDvhrH2tPGwvirIFq3sCaHUMt86KCM0RF8KtNCakw7lZjjA,gm,334
2026-06-22T13:34:35,_1nlSwZDCPSVfkIaP_OmTg2VTPUNJh-JeAZQ9SB8agSIUxdPqNXu1ViUdS2weJ92_J6hUkhhRAOEJw,gm,334
2026-06-22T13:34:35,7xmdnT4cf4zbPqjOax8VIOiOHvCevQROGPiEl_DHgVMUjQkL6VMS0WuTgbnnwAskNFzAJuTxPtYxDg,gm,334
2026-06-22T13:34:35,ct3K1DXPqnpf5jTAakPuILpYtZkppWsvlNaNNmQF7yEBpUk-TnLW9-K3TpfDTdGZA2VpCNwN8r4TCw,gm,334
2026-06-22T13:34:35,f9lf979ReCh6M9nAcLx2cUwa8ncnbkG07k0niGnOkCcXPFz4ZiD_Gz_pzRm5HKCOWKI4HOLcxjUIAg,gm,333
2026-06-22T13:34:35,eIpJEAjXF34f6zpcOXp_wv7gtHiJeIIFYmik4ZSfuA9O7EhdPTpnVIxIGakooEtYXXnGIoKkhCnqVw,gm,333
2026-06-22T13:34:35,ZlEY-3TeSqSIle-7lAthPMWxNaxxkib0gL97RKGtqSxpyG6viGR0XHckNpaRsIxjQqWx1RMTQaKU_Q,gm,332
2026-06-22T13:34:35,2V1HCeOtjG10ElYJ3Avl45TNbJBdngtbD9gCkS4tDYD5VdsFmAO-FEohCc1vSOSFGw1A53LQQGs2kw,gm,291
2026-06-22T13:34:35,y-Z6427RAatjk4_W5J7TL42ShSs8yqG9FfN7XIzy4Cqx3FV_7QuUOnHeAebEBSVzWebKhKXVaUdO0A,gm,264
